filename,full_file_path,class_label,LD1,Lower_Bound,Upper_Bound,Outlier_Reason
train_00721_aligned.jpg,/content/drive/MyDrive/Colab Notebooks/RAF_Binary_Dataset/train/0_non_negative/train_00721_aligned.jpg,0_non_negative,-2.986160565761287,-2.521965226305955,2.0782041193025673,"Below Lower Whisker: LD1 (-2.9862) < Lower Bound (-2.5220) by 0.4642 units (Q1 = -0.7969, IQR = 1.1500)"
train_10091_aligned.jpg,/content/drive/MyDrive/Colab Notebooks/RAF_Binary_Dataset/train/0_non_negative/train_10091_aligned.jpg,0_non_negative,-2.930280232850702,-2.521965226305955,2.0782041193025673,"Below Lower Whisker: LD1 (-2.9303) < Lower Bound (-2.5220) by 0.4083 units (Q1 = -0.7969, IQR = 1.1500)"
train_01730_aligned.jpg,/content/drive/MyDrive/Colab Notebooks/RAF_Binary_Dataset/train/0_non_negative/train_01730_aligned.jpg,0_non_negative,-2.867512755091959,-2.521965226305955,2.0782041193025673,"Below Lower Whisker: LD1 (-2.8675) < Lower Bound (-2.5220) by 0.3455 units (Q1 = -0.7969, IQR = 1.1500)"
train_10297_aligned.jpg,/content/drive/MyDrive/Colab Notebooks/RAF_Binary_Dataset/train/0_non_negative/train_10297_aligned.jpg,0_non_negative,-2.60562548394182,-2.521965226305955,2.0782041193025673,"Below Lower Whisker: LD1 (-2.6056) < Lower Bound (-2.5220) by 0.0837 units (Q1 = -0.7969, IQR = 1.1500)"
train_05713_aligned.jpg,/content/drive/MyDrive/Colab Notebooks/RAF_Binary_Dataset/train/0_non_negative/train_05713_aligned.jpg,0_non_negative,-2.5938664232346684,-2.521965226305955,2.0782041193025673,"Below Lower Whisker: LD1 (-2.5939) < Lower Bound (-2.5220) by 0.0719 units (Q1 = -0.7969, IQR = 1.1500)"
train_07685_aligned.jpg,/content/drive/MyDrive/Colab Notebooks/RAF_Binary_Dataset/train/0_non_negative/train_07685_aligned.jpg,0_non_negative,-2.588089060894995,-2.521965226305955,2.0782041193025673,"Below Lower Whisker: LD1 (-2.5881) < Lower Bound (-2.5220) by 0.0661 units (Q1 = -0.7969, IQR = 1.1500)"
train_01854_aligned.jpg,/content/drive/MyDrive/Colab Notebooks/RAF_Binary_Dataset/train/0_non_negative/train_01854_aligned.jpg,0_non_negative,-2.5601990995917334,-2.521965226305955,2.0782041193025673,"Below Lower Whisker: LD1 (-2.5602) < Lower Bound (-2.5220) by 0.0382 units (Q1 = -0.7969, IQR = 1.1500)"
train_10476_aligned.jpg,/content/drive/MyDrive/Colab Notebooks/RAF_Binary_Dataset/train/0_non_negative/train_10476_aligned.jpg,0_non_negative,-2.539886833426092,-2.521965226305955,2.0782041193025673,"Below Lower Whisker: LD1 (-2.5399) < Lower Bound (-2.5220) by 0.0179 units (Q1 = -0.7969, IQR = 1.1500)"
train_10573_aligned.jpg,/content/drive/MyDrive/Colab Notebooks/RAF_Binary_Dataset/train/0_non_negative/train_10573_aligned.jpg,0_non_negative,2.0799279830238167,-2.521965226305955,2.0782041193025673,"Above Upper Whisker: LD1 (2.0799) > Upper Bound (2.0782) by 0.0017 units (Q3 = 0.3531, IQR = 1.1500)"
train_03184_aligned.jpg,/content/drive/MyDrive/Colab Notebooks/RAF_Binary_Dataset/train/0_non_negative/train_03184_aligned.jpg,0_non_negative,2.083679393932364,-2.521965226305955,2.0782041193025673,"Above Upper Whisker: LD1 (2.0837) > Upper Bound (2.0782) by 0.0055 units (Q3 = 0.3531, IQR = 1.1500)"
train_06420_aligned.jpg,/content/drive/MyDrive/Colab Notebooks/RAF_Binary_Dataset/train/0_non_negative/train_06420_aligned.jpg,0_non_negative,2.0844238666477555,-2.521965226305955,2.0782041193025673,"Above Upper Whisker: LD1 (2.0844) > Upper Bound (2.0782) by 0.0062 units (Q3 = 0.3531, IQR = 1.1500)"
train_00433_aligned.jpg,/content/drive/MyDrive/Colab Notebooks/RAF_Binary_Dataset/train/0_non_negative/train_00433_aligned.jpg,0_non_negative,2.0848451843629103,-2.521965226305955,2.0782041193025673,"Above Upper Whisker: LD1 (2.0848) > Upper Bound (2.0782) by 0.0066 units (Q3 = 0.3531, IQR = 1.1500)"
train_06161_aligned.jpg,/content/drive/MyDrive/Colab Notebooks/RAF_Binary_Dataset/train/0_non_negative/train_06161_aligned.jpg,0_non_negative,2.087298401559245,-2.521965226305955,2.0782041193025673,"Above Upper Whisker: LD1 (2.0873) > Upper Bound (2.0782) by 0.0091 units (Q3 = 0.3531, IQR = 1.1500)"
train_06475_aligned.jpg,/content/drive/MyDrive/Colab Notebooks/RAF_Binary_Dataset/train/0_non_negative/train_06475_aligned.jpg,0_non_negative,2.0912638814707454,-2.521965226305955,2.0782041193025673,"Above Upper Whisker: LD1 (2.0913) > Upper Bound (2.0782) by 0.0131 units (Q3 = 0.3531, IQR = 1.1500)"
train_04970_aligned.jpg,/content/drive/MyDrive/Colab Notebooks/RAF_Binary_Dataset/train/0_non_negative/train_04970_aligned.jpg,0_non_negative,2.0937146206688477,-2.521965226305955,2.0782041193025673,"Above Upper Whisker: LD1 (2.0937) > Upper Bound (2.0782) by 0.0155 units (Q3 = 0.3531, IQR = 1.1500)"
train_10164_aligned.jpg,/content/drive/MyDrive/Colab Notebooks/RAF_Binary_Dataset/train/0_non_negative/train_10164_aligned.jpg,0_non_negative,2.103971141900548,-2.521965226305955,2.0782041193025673,"Above Upper Whisker: LD1 (2.1040) > Upper Bound (2.0782) by 0.0258 units (Q3 = 0.3531, IQR = 1.1500)"
train_11346_aligned.jpg,/content/drive/MyDrive/Colab Notebooks/RAF_Binary_Dataset/train/0_non_negative/train_11346_aligned.jpg,0_non_negative,2.1111512750927397,-2.521965226305955,2.0782041193025673,"Above Upper Whisker: LD1 (2.1112) > Upper Bound (2.0782) by 0.0329 units (Q3 = 0.3531, IQR = 1.1500)"
train_11290_aligned.jpg,/content/drive/MyDrive/Colab Notebooks/RAF_Binary_Dataset/train/0_non_negative/train_11290_aligned.jpg,0_non_negative,2.11188971277421,-2.521965226305955,2.0782041193025673,"Above Upper Whisker: LD1 (2.1119) > Upper Bound (2.0782) by 0.0337 units (Q3 = 0.3531, IQR = 1.1500)"
train_07990_aligned.jpg,/content/drive/MyDrive/Colab Notebooks/RAF_Binary_Dataset/train/0_non_negative/train_07990_aligned.jpg,0_non_negative,2.11389976631391,-2.521965226305955,2.0782041193025673,"Above Upper Whisker: LD1 (2.1139) > Upper Bound (2.0782) by 0.0357 units (Q3 = 0.3531, IQR = 1.1500)"
train_03969_aligned.jpg,/content/drive/MyDrive/Colab Notebooks/RAF_Binary_Dataset/train/0_non_negative/train_03969_aligned.jpg,0_non_negative,2.116729849247556,-2.521965226305955,2.0782041193025673,"Above Upper Whisker: LD1 (2.1167) > Upper Bound (2.0782) by 0.0385 units (Q3 = 0.3531, IQR = 1.1500)"
train_08581_aligned.jpg,/content/drive/MyDrive/Colab Notebooks/RAF_Binary_Dataset/train/0_non_negative/train_08581_aligned.jpg,0_non_negative,2.1177348628568087,-2.521965226305955,2.0782041193025673,"Above Upper Whisker: LD1 (2.1177) > Upper Bound (2.0782) by 0.0395 units (Q3 = 0.3531, IQR = 1.1500)"
train_04245_aligned.jpg,/content/drive/MyDrive/Colab Notebooks/RAF_Binary_Dataset/train/0_non_negative/train_04245_aligned.jpg,0_non_negative,2.121887270342943,-2.521965226305955,2.0782041193025673,"Above Upper Whisker: LD1 (2.1219) > Upper Bound (2.0782) by 0.0437 units (Q3 = 0.3531, IQR = 1.1500)"
train_12137_aligned.jpg,/content/drive/MyDrive/Colab Notebooks/RAF_Binary_Dataset/train/0_non_negative/train_12137_aligned.jpg,0_non_negative,2.122305742524388,-2.521965226305955,2.0782041193025673,"Above Upper Whisker: LD1 (2.1223) > Upper Bound (2.0782) by 0.0441 units (Q3 = 0.3531, IQR = 1.1500)"
train_10261_aligned.jpg,/content/drive/MyDrive/Colab Notebooks/RAF_Binary_Dataset/train/0_non_negative/train_10261_aligned.jpg,0_non_negative,2.12238748483298,-2.521965226305955,2.0782041193025673,"Above Upper Whisker: LD1 (2.1224) > Upper Bound (2.0782) by 0.0442 units (Q3 = 0.3531, IQR = 1.1500)"
train_07854_aligned.jpg,/content/drive/MyDrive/Colab Notebooks/RAF_Binary_Dataset/train/0_non_negative/train_07854_aligned.jpg,0_non_negative,2.122776177184001,-2.521965226305955,2.0782041193025673,"Above Upper Whisker: LD1 (2.1228) > Upper Bound (2.0782) by 0.0446 units (Q3 = 0.3531, IQR = 1.1500)"
train_01601_aligned.jpg,/content/drive/MyDrive/Colab Notebooks/RAF_Binary_Dataset/train/0_non_negative/train_01601_aligned.jpg,0_non_negative,2.124023657164775,-2.521965226305955,2.0782041193025673,"Above Upper Whisker: LD1 (2.1240) > Upper Bound (2.0782) by 0.0458 units (Q3 = 0.3531, IQR = 1.1500)"
train_03224_aligned.jpg,/content/drive/MyDrive/Colab Notebooks/RAF_Binary_Dataset/train/0_non_negative/train_03224_aligned.jpg,0_non_negative,2.1262516589798466,-2.521965226305955,2.0782041193025673,"Above Upper Whisker: LD1 (2.1263) > Upper Bound (2.0782) by 0.0480 units (Q3 = 0.3531, IQR = 1.1500)"
train_07112_aligned.jpg,/content/drive/MyDrive/Colab Notebooks/RAF_Binary_Dataset/train/0_non_negative/train_07112_aligned.jpg,0_non_negative,2.134894738396101,-2.521965226305955,2.0782041193025673,"Above Upper Whisker: LD1 (2.1349) > Upper Bound (2.0782) by 0.0567 units (Q3 = 0.3531, IQR = 1.1500)"
train_00807_aligned.jpg,/content/drive/MyDrive/Colab Notebooks/RAF_Binary_Dataset/train/0_non_negative/train_00807_aligned.jpg,0_non_negative,2.1379848881464185,-2.521965226305955,2.0782041193025673,"Above Upper Whisker: LD1 (2.1380) > Upper Bound (2.0782) by 0.0598 units (Q3 = 0.3531, IQR = 1.1500)"
train_10868_aligned.jpg,/content/drive/MyDrive/Colab Notebooks/RAF_Binary_Dataset/train/0_non_negative/train_10868_aligned.jpg,0_non_negative,2.1384209204495246,-2.521965226305955,2.0782041193025673,"Above Upper Whisker: LD1 (2.1384) > Upper Bound (2.0782) by 0.0602 units (Q3 = 0.3531, IQR = 1.1500)"
train_08834_aligned.jpg,/content/drive/MyDrive/Colab Notebooks/RAF_Binary_Dataset/train/0_non_negative/train_08834_aligned.jpg,0_non_negative,2.1426094197221204,-2.521965226305955,2.0782041193025673,"Above Upper Whisker: LD1 (2.1426) > Upper Bound (2.0782) by 0.0644 units (Q3 = 0.3531, IQR = 1.1500)"
train_10838_aligned.jpg,/content/drive/MyDrive/Colab Notebooks/RAF_Binary_Dataset/train/0_non_negative/train_10838_aligned.jpg,0_non_negative,2.1427410474756257,-2.521965226305955,2.0782041193025673,"Above Upper Whisker: LD1 (2.1427) > Upper Bound (2.0782) by 0.0645 units (Q3 = 0.3531, IQR = 1.1500)"
train_10948_aligned.jpg,/content/drive/MyDrive/Colab Notebooks/RAF_Binary_Dataset/train/0_non_negative/train_10948_aligned.jpg,0_non_negative,2.143027636726568,-2.521965226305955,2.0782041193025673,"Above Upper Whisker: LD1 (2.1430) > Upper Bound (2.0782) by 0.0648 units (Q3 = 0.3531, IQR = 1.1500)"
train_06945_aligned.jpg,/content/drive/MyDrive/Colab Notebooks/RAF_Binary_Dataset/train/0_non_negative/train_06945_aligned.jpg,0_non_negative,2.15246972161513,-2.521965226305955,2.0782041193025673,"Above Upper Whisker: LD1 (2.1525) > Upper Bound (2.0782) by 0.0743 units (Q3 = 0.3531, IQR = 1.1500)"
train_05553_aligned.jpg,/content/drive/MyDrive/Colab Notebooks/RAF_Binary_Dataset/train/0_non_negative/train_05553_aligned.jpg,0_non_negative,2.16044886242473,-2.521965226305955,2.0782041193025673,"Above Upper Whisker: LD1 (2.1604) > Upper Bound (2.0782) by 0.0822 units (Q3 = 0.3531, IQR = 1.1500)"
train_11904_aligned.jpg,/content/drive/MyDrive/Colab Notebooks/RAF_Binary_Dataset/train/0_non_negative/train_11904_aligned.jpg,0_non_negative,2.1626131952826944,-2.521965226305955,2.0782041193025673,"Above Upper Whisker: LD1 (2.1626) > Upper Bound (2.0782) by 0.0844 units (Q3 = 0.3531, IQR = 1.1500)"
train_08493_aligned.jpg,/content/drive/MyDrive/Colab Notebooks/RAF_Binary_Dataset/train/0_non_negative/train_08493_aligned.jpg,0_non_negative,2.162903524254437,-2.521965226305955,2.0782041193025673,"Above Upper Whisker: LD1 (2.1629) > Upper Bound (2.0782) by 0.0847 units (Q3 = 0.3531, IQR = 1.1500)"
train_07735_aligned.jpg,/content/drive/MyDrive/Colab Notebooks/RAF_Binary_Dataset/train/0_non_negative/train_07735_aligned.jpg,0_non_negative,2.166548493032183,-2.521965226305955,2.0782041193025673,"Above Upper Whisker: LD1 (2.1665) > Upper Bound (2.0782) by 0.0883 units (Q3 = 0.3531, IQR = 1.1500)"
train_09130_aligned.jpg,/content/drive/MyDrive/Colab Notebooks/RAF_Binary_Dataset/train/0_non_negative/train_09130_aligned.jpg,0_non_negative,2.1671312999989154,-2.521965226305955,2.0782041193025673,"Above Upper Whisker: LD1 (2.1671) > Upper Bound (2.0782) by 0.0889 units (Q3 = 0.3531, IQR = 1.1500)"
train_12223_aligned.jpg,/content/drive/MyDrive/Colab Notebooks/RAF_Binary_Dataset/train/0_non_negative/train_12223_aligned.jpg,0_non_negative,2.179453160600054,-2.521965226305955,2.0782041193025673,"Above Upper Whisker: LD1 (2.1795) > Upper Bound (2.0782) by 0.1012 units (Q3 = 0.3531, IQR = 1.1500)"
train_07180_aligned.jpg,/content/drive/MyDrive/Colab Notebooks/RAF_Binary_Dataset/train/0_non_negative/train_07180_aligned.jpg,0_non_negative,2.1837120718665792,-2.521965226305955,2.0782041193025673,"Above Upper Whisker: LD1 (2.1837) > Upper Bound (2.0782) by 0.1055 units (Q3 = 0.3531, IQR = 1.1500)"
train_05166_aligned.jpg,/content/drive/MyDrive/Colab Notebooks/RAF_Binary_Dataset/train/0_non_negative/train_05166_aligned.jpg,0_non_negative,2.1845152423783345,-2.521965226305955,2.0782041193025673,"Above Upper Whisker: LD1 (2.1845) > Upper Bound (2.0782) by 0.1063 units (Q3 = 0.3531, IQR = 1.1500)"
train_04050_aligned.jpg,/content/drive/MyDrive/Colab Notebooks/RAF_Binary_Dataset/train/0_non_negative/train_04050_aligned.jpg,0_non_negative,2.1872280162997515,-2.521965226305955,2.0782041193025673,"Above Upper Whisker: LD1 (2.1872) > Upper Bound (2.0782) by 0.1090 units (Q3 = 0.3531, IQR = 1.1500)"
train_02143_aligned.jpg,/content/drive/MyDrive/Colab Notebooks/RAF_Binary_Dataset/train/0_non_negative/train_02143_aligned.jpg,0_non_negative,2.1876221068467983,-2.521965226305955,2.0782041193025673,"Above Upper Whisker: LD1 (2.1876) > Upper Bound (2.0782) by 0.1094 units (Q3 = 0.3531, IQR = 1.1500)"
train_03792_aligned.jpg,/content/drive/MyDrive/Colab Notebooks/RAF_Binary_Dataset/train/0_non_negative/train_03792_aligned.jpg,0_non_negative,2.1905128696823124,-2.521965226305955,2.0782041193025673,"Above Upper Whisker: LD1 (2.1905) > Upper Bound (2.0782) by 0.1123 units (Q3 = 0.3531, IQR = 1.1500)"
train_02646_aligned.jpg,/content/drive/MyDrive/Colab Notebooks/RAF_Binary_Dataset/train/0_non_negative/train_02646_aligned.jpg,0_non_negative,2.191895425412262,-2.521965226305955,2.0782041193025673,"Above Upper Whisker: LD1 (2.1919) > Upper Bound (2.0782) by 0.1137 units (Q3 = 0.3531, IQR = 1.1500)"
train_08438_aligned.jpg,/content/drive/MyDrive/Colab Notebooks/RAF_Binary_Dataset/train/0_non_negative/train_08438_aligned.jpg,0_non_negative,2.192910448339453,-2.521965226305955,2.0782041193025673,"Above Upper Whisker: LD1 (2.1929) > Upper Bound (2.0782) by 0.1147 units (Q3 = 0.3531, IQR = 1.1500)"
train_05303_aligned.jpg,/content/drive/MyDrive/Colab Notebooks/RAF_Binary_Dataset/train/0_non_negative/train_05303_aligned.jpg,0_non_negative,2.2050718527312023,-2.521965226305955,2.0782041193025673,"Above Upper Whisker: LD1 (2.2051) > Upper Bound (2.0782) by 0.1269 units (Q3 = 0.3531, IQR = 1.1500)"
train_05338_aligned.jpg,/content/drive/MyDrive/Colab Notebooks/RAF_Binary_Dataset/train/0_non_negative/train_05338_aligned.jpg,0_non_negative,2.2111279508110515,-2.521965226305955,2.0782041193025673,"Above Upper Whisker: LD1 (2.2111) > Upper Bound (2.0782) by 0.1329 units (Q3 = 0.3531, IQR = 1.1500)"
train_02276_aligned.jpg,/content/drive/MyDrive/Colab Notebooks/RAF_Binary_Dataset/train/0_non_negative/train_02276_aligned.jpg,0_non_negative,2.2112698627500023,-2.521965226305955,2.0782041193025673,"Above Upper Whisker: LD1 (2.2113) > Upper Bound (2.0782) by 0.1331 units (Q3 = 0.3531, IQR = 1.1500)"
train_11978_aligned.jpg,/content/drive/MyDrive/Colab Notebooks/RAF_Binary_Dataset/train/0_non_negative/train_11978_aligned.jpg,0_non_negative,2.2127382853124247,-2.521965226305955,2.0782041193025673,"Above Upper Whisker: LD1 (2.2127) > Upper Bound (2.0782) by 0.1345 units (Q3 = 0.3531, IQR = 1.1500)"
train_11115_aligned.jpg,/content/drive/MyDrive/Colab Notebooks/RAF_Binary_Dataset/train/0_non_negative/train_11115_aligned.jpg,0_non_negative,2.213700613053648,-2.521965226305955,2.0782041193025673,"Above Upper Whisker: LD1 (2.2137) > Upper Bound (2.0782) by 0.1355 units (Q3 = 0.3531, IQR = 1.1500)"
train_06068_aligned.jpg,/content/drive/MyDrive/Colab Notebooks/RAF_Binary_Dataset/train/0_non_negative/train_06068_aligned.jpg,0_non_negative,2.216580287578556,-2.521965226305955,2.0782041193025673,"Above Upper Whisker: LD1 (2.2166) > Upper Bound (2.0782) by 0.1384 units (Q3 = 0.3531, IQR = 1.1500)"
train_11946_aligned.jpg,/content/drive/MyDrive/Colab Notebooks/RAF_Binary_Dataset/train/0_non_negative/train_11946_aligned.jpg,0_non_negative,2.22400789073727,-2.521965226305955,2.0782041193025673,"Above Upper Whisker: LD1 (2.2240) > Upper Bound (2.0782) by 0.1458 units (Q3 = 0.3531, IQR = 1.1500)"
train_07040_aligned.jpg,/content/drive/MyDrive/Colab Notebooks/RAF_Binary_Dataset/train/0_non_negative/train_07040_aligned.jpg,0_non_negative,2.225749232316528,-2.521965226305955,2.0782041193025673,"Above Upper Whisker: LD1 (2.2257) > Upper Bound (2.0782) by 0.1475 units (Q3 = 0.3531, IQR = 1.1500)"
train_04121_aligned.jpg,/content/drive/MyDrive/Colab Notebooks/RAF_Binary_Dataset/train/0_non_negative/train_04121_aligned.jpg,0_non_negative,2.227009518032989,-2.521965226305955,2.0782041193025673,"Above Upper Whisker: LD1 (2.2270) > Upper Bound (2.0782) by 0.1488 units (Q3 = 0.3531, IQR = 1.1500)"
train_02447_aligned.jpg,/content/drive/MyDrive/Colab Notebooks/RAF_Binary_Dataset/train/0_non_negative/train_02447_aligned.jpg,0_non_negative,2.2309765265946497,-2.521965226305955,2.0782041193025673,"Above Upper Whisker: LD1 (2.2310) > Upper Bound (2.0782) by 0.1528 units (Q3 = 0.3531, IQR = 1.1500)"
train_11075_aligned.jpg,/content/drive/MyDrive/Colab Notebooks/RAF_Binary_Dataset/train/0_non_negative/train_11075_aligned.jpg,0_non_negative,2.2376906536020384,-2.521965226305955,2.0782041193025673,"Above Upper Whisker: LD1 (2.2377) > Upper Bound (2.0782) by 0.1595 units (Q3 = 0.3531, IQR = 1.1500)"
train_03089_aligned.jpg,/content/drive/MyDrive/Colab Notebooks/RAF_Binary_Dataset/train/0_non_negative/train_03089_aligned.jpg,0_non_negative,2.2407112895141887,-2.521965226305955,2.0782041193025673,"Above Upper Whisker: LD1 (2.2407) > Upper Bound (2.0782) by 0.1625 units (Q3 = 0.3531, IQR = 1.1500)"
train_00499_aligned.jpg,/content/drive/MyDrive/Colab Notebooks/RAF_Binary_Dataset/train/0_non_negative/train_00499_aligned.jpg,0_non_negative,2.2460743340014413,-2.521965226305955,2.0782041193025673,"Above Upper Whisker: LD1 (2.2461) > Upper Bound (2.0782) by 0.1679 units (Q3 = 0.3531, IQR = 1.1500)"
train_10472_aligned.jpg,/content/drive/MyDrive/Colab Notebooks/RAF_Binary_Dataset/train/0_non_negative/train_10472_aligned.jpg,0_non_negative,2.250791374664697,-2.521965226305955,2.0782041193025673,"Above Upper Whisker: LD1 (2.2508) > Upper Bound (2.0782) by 0.1726 units (Q3 = 0.3531, IQR = 1.1500)"
train_03734_aligned.jpg,/content/drive/MyDrive/Colab Notebooks/RAF_Binary_Dataset/train/0_non_negative/train_03734_aligned.jpg,0_non_negative,2.2554308198456696,-2.521965226305955,2.0782041193025673,"Above Upper Whisker: LD1 (2.2554) > Upper Bound (2.0782) by 0.1772 units (Q3 = 0.3531, IQR = 1.1500)"
train_10847_aligned.jpg,/content/drive/MyDrive/Colab Notebooks/RAF_Binary_Dataset/train/0_non_negative/train_10847_aligned.jpg,0_non_negative,2.256915461725077,-2.521965226305955,2.0782041193025673,"Above Upper Whisker: LD1 (2.2569) > Upper Bound (2.0782) by 0.1787 units (Q3 = 0.3531, IQR = 1.1500)"
train_07579_aligned.jpg,/content/drive/MyDrive/Colab Notebooks/RAF_Binary_Dataset/train/0_non_negative/train_07579_aligned.jpg,0_non_negative,2.2602234565465813,-2.521965226305955,2.0782041193025673,"Above Upper Whisker: LD1 (2.2602) > Upper Bound (2.0782) by 0.1820 units (Q3 = 0.3531, IQR = 1.1500)"
train_08022_aligned.jpg,/content/drive/MyDrive/Colab Notebooks/RAF_Binary_Dataset/train/0_non_negative/train_08022_aligned.jpg,0_non_negative,2.263687459397388,-2.521965226305955,2.0782041193025673,"Above Upper Whisker: LD1 (2.2637) > Upper Bound (2.0782) by 0.1855 units (Q3 = 0.3531, IQR = 1.1500)"
train_07328_aligned.jpg,/content/drive/MyDrive/Colab Notebooks/RAF_Binary_Dataset/train/0_non_negative/train_07328_aligned.jpg,0_non_negative,2.267487653989722,-2.521965226305955,2.0782041193025673,"Above Upper Whisker: LD1 (2.2675) > Upper Bound (2.0782) by 0.1893 units (Q3 = 0.3531, IQR = 1.1500)"
train_03223_aligned.jpg,/content/drive/MyDrive/Colab Notebooks/RAF_Binary_Dataset/train/0_non_negative/train_03223_aligned.jpg,0_non_negative,2.274297915523229,-2.521965226305955,2.0782041193025673,"Above Upper Whisker: LD1 (2.2743) > Upper Bound (2.0782) by 0.1961 units (Q3 = 0.3531, IQR = 1.1500)"
train_01077_aligned.jpg,/content/drive/MyDrive/Colab Notebooks/RAF_Binary_Dataset/train/0_non_negative/train_01077_aligned.jpg,0_non_negative,2.2785625201746766,-2.521965226305955,2.0782041193025673,"Above Upper Whisker: LD1 (2.2786) > Upper Bound (2.0782) by 0.2004 units (Q3 = 0.3531, IQR = 1.1500)"
train_10144_aligned.jpg,/content/drive/MyDrive/Colab Notebooks/RAF_Binary_Dataset/train/0_non_negative/train_10144_aligned.jpg,0_non_negative,2.2797526913529715,-2.521965226305955,2.0782041193025673,"Above Upper Whisker: LD1 (2.2798) > Upper Bound (2.0782) by 0.2015 units (Q3 = 0.3531, IQR = 1.1500)"
train_11673_aligned.jpg,/content/drive/MyDrive/Colab Notebooks/RAF_Binary_Dataset/train/0_non_negative/train_11673_aligned.jpg,0_non_negative,2.286937848861999,-2.521965226305955,2.0782041193025673,"Above Upper Whisker: LD1 (2.2869) > Upper Bound (2.0782) by 0.2087 units (Q3 = 0.3531, IQR = 1.1500)"
train_11261_aligned.jpg,/content/drive/MyDrive/Colab Notebooks/RAF_Binary_Dataset/train/0_non_negative/train_11261_aligned.jpg,0_non_negative,2.287639010852265,-2.521965226305955,2.0782041193025673,"Above Upper Whisker: LD1 (2.2876) > Upper Bound (2.0782) by 0.2094 units (Q3 = 0.3531, IQR = 1.1500)"
train_06347_aligned.jpg,/content/drive/MyDrive/Colab Notebooks/RAF_Binary_Dataset/train/0_non_negative/train_06347_aligned.jpg,0_non_negative,2.289950217186965,-2.521965226305955,2.0782041193025673,"Above Upper Whisker: LD1 (2.2900) > Upper Bound (2.0782) by 0.2117 units (Q3 = 0.3531, IQR = 1.1500)"
train_05443_aligned.jpg,/content/drive/MyDrive/Colab Notebooks/RAF_Binary_Dataset/train/0_non_negative/train_05443_aligned.jpg,0_non_negative,2.290553635084907,-2.521965226305955,2.0782041193025673,"Above Upper Whisker: LD1 (2.2906) > Upper Bound (2.0782) by 0.2123 units (Q3 = 0.3531, IQR = 1.1500)"
train_04642_aligned.jpg,/content/drive/MyDrive/Colab Notebooks/RAF_Binary_Dataset/train/0_non_negative/train_04642_aligned.jpg,0_non_negative,2.30196360679743,-2.521965226305955,2.0782041193025673,"Above Upper Whisker: LD1 (2.3020) > Upper Bound (2.0782) by 0.2238 units (Q3 = 0.3531, IQR = 1.1500)"
train_02257_aligned.jpg,/content/drive/MyDrive/Colab Notebooks/RAF_Binary_Dataset/train/0_non_negative/train_02257_aligned.jpg,0_non_negative,2.308346455437601,-2.521965226305955,2.0782041193025673,"Above Upper Whisker: LD1 (2.3083) > Upper Bound (2.0782) by 0.2301 units (Q3 = 0.3531, IQR = 1.1500)"
train_00043_aligned.jpg,/content/drive/MyDrive/Colab Notebooks/RAF_Binary_Dataset/train/0_non_negative/train_00043_aligned.jpg,0_non_negative,2.316741537497212,-2.521965226305955,2.0782041193025673,"Above Upper Whisker: LD1 (2.3167) > Upper Bound (2.0782) by 0.2385 units (Q3 = 0.3531, IQR = 1.1500)"
train_03175_aligned.jpg,/content/drive/MyDrive/Colab Notebooks/RAF_Binary_Dataset/train/0_non_negative/train_03175_aligned.jpg,0_non_negative,2.317419412739675,-2.521965226305955,2.0782041193025673,"Above Upper Whisker: LD1 (2.3174) > Upper Bound (2.0782) by 0.2392 units (Q3 = 0.3531, IQR = 1.1500)"
train_05663_aligned.jpg,/content/drive/MyDrive/Colab Notebooks/RAF_Binary_Dataset/train/0_non_negative/train_05663_aligned.jpg,0_non_negative,2.31802154665282,-2.521965226305955,2.0782041193025673,"Above Upper Whisker: LD1 (2.3180) > Upper Bound (2.0782) by 0.2398 units (Q3 = 0.3531, IQR = 1.1500)"
train_11087_aligned.jpg,/content/drive/MyDrive/Colab Notebooks/RAF_Binary_Dataset/train/0_non_negative/train_11087_aligned.jpg,0_non_negative,2.32151839062349,-2.521965226305955,2.0782041193025673,"Above Upper Whisker: LD1 (2.3215) > Upper Bound (2.0782) by 0.2433 units (Q3 = 0.3531, IQR = 1.1500)"
train_11293_aligned.jpg,/content/drive/MyDrive/Colab Notebooks/RAF_Binary_Dataset/train/0_non_negative/train_11293_aligned.jpg,0_non_negative,2.327885492031608,-2.521965226305955,2.0782041193025673,"Above Upper Whisker: LD1 (2.3279) > Upper Bound (2.0782) by 0.2497 units (Q3 = 0.3531, IQR = 1.1500)"
train_10427_aligned.jpg,/content/drive/MyDrive/Colab Notebooks/RAF_Binary_Dataset/train/0_non_negative/train_10427_aligned.jpg,0_non_negative,2.371018427577491,-2.521965226305955,2.0782041193025673,"Above Upper Whisker: LD1 (2.3710) > Upper Bound (2.0782) by 0.2928 units (Q3 = 0.3531, IQR = 1.1500)"
train_05967_aligned.jpg,/content/drive/MyDrive/Colab Notebooks/RAF_Binary_Dataset/train/0_non_negative/train_05967_aligned.jpg,0_non_negative,2.3720353208365093,-2.521965226305955,2.0782041193025673,"Above Upper Whisker: LD1 (2.3720) > Upper Bound (2.0782) by 0.2938 units (Q3 = 0.3531, IQR = 1.1500)"
train_07626_aligned.jpg,/content/drive/MyDrive/Colab Notebooks/RAF_Binary_Dataset/train/0_non_negative/train_07626_aligned.jpg,0_non_negative,2.373800339150989,-2.521965226305955,2.0782041193025673,"Above Upper Whisker: LD1 (2.3738) > Upper Bound (2.0782) by 0.2956 units (Q3 = 0.3531, IQR = 1.1500)"
train_06561_aligned.jpg,/content/drive/MyDrive/Colab Notebooks/RAF_Binary_Dataset/train/0_non_negative/train_06561_aligned.jpg,0_non_negative,2.401964333759172,-2.521965226305955,2.0782041193025673,"Above Upper Whisker: LD1 (2.4020) > Upper Bound (2.0782) by 0.3238 units (Q3 = 0.3531, IQR = 1.1500)"
train_10651_aligned.jpg,/content/drive/MyDrive/Colab Notebooks/RAF_Binary_Dataset/train/0_non_negative/train_10651_aligned.jpg,0_non_negative,2.4038915526430187,-2.521965226305955,2.0782041193025673,"Above Upper Whisker: LD1 (2.4039) > Upper Bound (2.0782) by 0.3257 units (Q3 = 0.3531, IQR = 1.1500)"
train_03581_aligned.jpg,/content/drive/MyDrive/Colab Notebooks/RAF_Binary_Dataset/train/0_non_negative/train_03581_aligned.jpg,0_non_negative,2.4099527509594307,-2.521965226305955,2.0782041193025673,"Above Upper Whisker: LD1 (2.4100) > Upper Bound (2.0782) by 0.3317 units (Q3 = 0.3531, IQR = 1.1500)"
train_05709_aligned.jpg,/content/drive/MyDrive/Colab Notebooks/RAF_Binary_Dataset/train/0_non_negative/train_05709_aligned.jpg,0_non_negative,2.4195224276302763,-2.521965226305955,2.0782041193025673,"Above Upper Whisker: LD1 (2.4195) > Upper Bound (2.0782) by 0.3413 units (Q3 = 0.3531, IQR = 1.1500)"
train_11971_aligned.jpg,/content/drive/MyDrive/Colab Notebooks/RAF_Binary_Dataset/train/0_non_negative/train_11971_aligned.jpg,0_non_negative,2.4209316524265616,-2.521965226305955,2.0782041193025673,"Above Upper Whisker: LD1 (2.4209) > Upper Bound (2.0782) by 0.3427 units (Q3 = 0.3531, IQR = 1.1500)"
train_10633_aligned.jpg,/content/drive/MyDrive/Colab Notebooks/RAF_Binary_Dataset/train/0_non_negative/train_10633_aligned.jpg,0_non_negative,2.425761831665721,-2.521965226305955,2.0782041193025673,"Above Upper Whisker: LD1 (2.4258) > Upper Bound (2.0782) by 0.3476 units (Q3 = 0.3531, IQR = 1.1500)"
train_02211_aligned.jpg,/content/drive/MyDrive/Colab Notebooks/RAF_Binary_Dataset/train/0_non_negative/train_02211_aligned.jpg,0_non_negative,2.428065240001486,-2.521965226305955,2.0782041193025673,"Above Upper Whisker: LD1 (2.4281) > Upper Bound (2.0782) by 0.3499 units (Q3 = 0.3531, IQR = 1.1500)"
train_11777_aligned.jpg,/content/drive/MyDrive/Colab Notebooks/RAF_Binary_Dataset/train/0_non_negative/train_11777_aligned.jpg,0_non_negative,2.430049921632847,-2.521965226305955,2.0782041193025673,"Above Upper Whisker: LD1 (2.4300) > Upper Bound (2.0782) by 0.3518 units (Q3 = 0.3531, IQR = 1.1500)"
train_11780_aligned.jpg,/content/drive/MyDrive/Colab Notebooks/RAF_Binary_Dataset/train/0_non_negative/train_11780_aligned.jpg,0_non_negative,2.432013933023026,-2.521965226305955,2.0782041193025673,"Above Upper Whisker: LD1 (2.4320) > Upper Bound (2.0782) by 0.3538 units (Q3 = 0.3531, IQR = 1.1500)"
train_11903_aligned.jpg,/content/drive/MyDrive/Colab Notebooks/RAF_Binary_Dataset/train/0_non_negative/train_11903_aligned.jpg,0_non_negative,2.4392316322024006,-2.521965226305955,2.0782041193025673,"Above Upper Whisker: LD1 (2.4392) > Upper Bound (2.0782) by 0.3610 units (Q3 = 0.3531, IQR = 1.1500)"
train_09866_aligned.jpg,/content/drive/MyDrive/Colab Notebooks/RAF_Binary_Dataset/train/0_non_negative/train_09866_aligned.jpg,0_non_negative,2.4427028899925483,-2.521965226305955,2.0782041193025673,"Above Upper Whisker: LD1 (2.4427) > Upper Bound (2.0782) by 0.3645 units (Q3 = 0.3531, IQR = 1.1500)"
train_04775_aligned.jpg,/content/drive/MyDrive/Colab Notebooks/RAF_Binary_Dataset/train/0_non_negative/train_04775_aligned.jpg,0_non_negative,2.4428982587147194,-2.521965226305955,2.0782041193025673,"Above Upper Whisker: LD1 (2.4429) > Upper Bound (2.0782) by 0.3647 units (Q3 = 0.3531, IQR = 1.1500)"
train_11954_aligned.jpg,/content/drive/MyDrive/Colab Notebooks/RAF_Binary_Dataset/train/0_non_negative/train_11954_aligned.jpg,0_non_negative,2.4482191282726897,-2.521965226305955,2.0782041193025673,"Above Upper Whisker: LD1 (2.4482) > Upper Bound (2.0782) by 0.3700 units (Q3 = 0.3531, IQR = 1.1500)"
train_02636_aligned.jpg,/content/drive/MyDrive/Colab Notebooks/RAF_Binary_Dataset/train/0_non_negative/train_02636_aligned.jpg,0_non_negative,2.4589707927396605,-2.521965226305955,2.0782041193025673,"Above Upper Whisker: LD1 (2.4590) > Upper Bound (2.0782) by 0.3808 units (Q3 = 0.3531, IQR = 1.1500)"
train_01452_aligned.jpg,/content/drive/MyDrive/Colab Notebooks/RAF_Binary_Dataset/train/0_non_negative/train_01452_aligned.jpg,0_non_negative,2.4595369282178714,-2.521965226305955,2.0782041193025673,"Above Upper Whisker: LD1 (2.4595) > Upper Bound (2.0782) by 0.3813 units (Q3 = 0.3531, IQR = 1.1500)"
train_05274_aligned.jpg,/content/drive/MyDrive/Colab Notebooks/RAF_Binary_Dataset/train/0_non_negative/train_05274_aligned.jpg,0_non_negative,2.462184939271183,-2.521965226305955,2.0782041193025673,"Above Upper Whisker: LD1 (2.4622) > Upper Bound (2.0782) by 0.3840 units (Q3 = 0.3531, IQR = 1.1500)"
train_06193_aligned.jpg,/content/drive/MyDrive/Colab Notebooks/RAF_Binary_Dataset/train/0_non_negative/train_06193_aligned.jpg,0_non_negative,2.4696754679526487,-2.521965226305955,2.0782041193025673,"Above Upper Whisker: LD1 (2.4697) > Upper Bound (2.0782) by 0.3915 units (Q3 = 0.3531, IQR = 1.1500)"
train_08476_aligned.jpg,/content/drive/MyDrive/Colab Notebooks/RAF_Binary_Dataset/train/0_non_negative/train_08476_aligned.jpg,0_non_negative,2.4709624847547174,-2.521965226305955,2.0782041193025673,"Above Upper Whisker: LD1 (2.4710) > Upper Bound (2.0782) by 0.3928 units (Q3 = 0.3531, IQR = 1.1500)"
train_12270_aligned.jpg,/content/drive/MyDrive/Colab Notebooks/RAF_Binary_Dataset/train/0_non_negative/train_12270_aligned.jpg,0_non_negative,2.4710336391003214,-2.521965226305955,2.0782041193025673,"Above Upper Whisker: LD1 (2.4710) > Upper Bound (2.0782) by 0.3928 units (Q3 = 0.3531, IQR = 1.1500)"
train_04112_aligned.jpg,/content/drive/MyDrive/Colab Notebooks/RAF_Binary_Dataset/train/0_non_negative/train_04112_aligned.jpg,0_non_negative,2.493412361278041,-2.521965226305955,2.0782041193025673,"Above Upper Whisker: LD1 (2.4934) > Upper Bound (2.0782) by 0.4152 units (Q3 = 0.3531, IQR = 1.1500)"
train_01903_aligned.jpg,/content/drive/MyDrive/Colab Notebooks/RAF_Binary_Dataset/train/0_non_negative/train_01903_aligned.jpg,0_non_negative,2.49822409982201,-2.521965226305955,2.0782041193025673,"Above Upper Whisker: LD1 (2.4982) > Upper Bound (2.0782) by 0.4200 units (Q3 = 0.3531, IQR = 1.1500)"
train_01099_aligned.jpg,/content/drive/MyDrive/Colab Notebooks/RAF_Binary_Dataset/train/0_non_negative/train_01099_aligned.jpg,0_non_negative,2.509622443308414,-2.521965226305955,2.0782041193025673,"Above Upper Whisker: LD1 (2.5096) > Upper Bound (2.0782) by 0.4314 units (Q3 = 0.3531, IQR = 1.1500)"
train_04551_aligned.jpg,/content/drive/MyDrive/Colab Notebooks/RAF_Binary_Dataset/train/0_non_negative/train_04551_aligned.jpg,0_non_negative,2.5233364992770246,-2.521965226305955,2.0782041193025673,"Above Upper Whisker: LD1 (2.5233) > Upper Bound (2.0782) by 0.4451 units (Q3 = 0.3531, IQR = 1.1500)"
train_11568_aligned.jpg,/content/drive/MyDrive/Colab Notebooks/RAF_Binary_Dataset/train/0_non_negative/train_11568_aligned.jpg,0_non_negative,2.5282636074360982,-2.521965226305955,2.0782041193025673,"Above Upper Whisker: LD1 (2.5283) > Upper Bound (2.0782) by 0.4501 units (Q3 = 0.3531, IQR = 1.1500)"
train_03984_aligned.jpg,/content/drive/MyDrive/Colab Notebooks/RAF_Binary_Dataset/train/0_non_negative/train_03984_aligned.jpg,0_non_negative,2.5300346106763385,-2.521965226305955,2.0782041193025673,"Above Upper Whisker: LD1 (2.5300) > Upper Bound (2.0782) by 0.4518 units (Q3 = 0.3531, IQR = 1.1500)"
train_00816_aligned.jpg,/content/drive/MyDrive/Colab Notebooks/RAF_Binary_Dataset/train/0_non_negative/train_00816_aligned.jpg,0_non_negative,2.552259074798408,-2.521965226305955,2.0782041193025673,"Above Upper Whisker: LD1 (2.5523) > Upper Bound (2.0782) by 0.4741 units (Q3 = 0.3531, IQR = 1.1500)"
train_03059_aligned.jpg,/content/drive/MyDrive/Colab Notebooks/RAF_Binary_Dataset/train/0_non_negative/train_03059_aligned.jpg,0_non_negative,2.564737868298124,-2.521965226305955,2.0782041193025673,"Above Upper Whisker: LD1 (2.5647) > Upper Bound (2.0782) by 0.4865 units (Q3 = 0.3531, IQR = 1.1500)"
train_07799_aligned.jpg,/content/drive/MyDrive/Colab Notebooks/RAF_Binary_Dataset/train/0_non_negative/train_07799_aligned.jpg,0_non_negative,2.5764573820119088,-2.521965226305955,2.0782041193025673,"Above Upper Whisker: LD1 (2.5765) > Upper Bound (2.0782) by 0.4983 units (Q3 = 0.3531, IQR = 1.1500)"
train_05569_aligned.jpg,/content/drive/MyDrive/Colab Notebooks/RAF_Binary_Dataset/train/0_non_negative/train_05569_aligned.jpg,0_non_negative,2.579338573053949,-2.521965226305955,2.0782041193025673,"Above Upper Whisker: LD1 (2.5793) > Upper Bound (2.0782) by 0.5011 units (Q3 = 0.3531, IQR = 1.1500)"
train_06147_aligned.jpg,/content/drive/MyDrive/Colab Notebooks/RAF_Binary_Dataset/train/0_non_negative/train_06147_aligned.jpg,0_non_negative,2.579464951847622,-2.521965226305955,2.0782041193025673,"Above Upper Whisker: LD1 (2.5795) > Upper Bound (2.0782) by 0.5013 units (Q3 = 0.3531, IQR = 1.1500)"
train_00743_aligned.jpg,/content/drive/MyDrive/Colab Notebooks/RAF_Binary_Dataset/train/0_non_negative/train_00743_aligned.jpg,0_non_negative,2.592958630581307,-2.521965226305955,2.0782041193025673,"Above Upper Whisker: LD1 (2.5930) > Upper Bound (2.0782) by 0.5148 units (Q3 = 0.3531, IQR = 1.1500)"
train_06535_aligned.jpg,/content/drive/MyDrive/Colab Notebooks/RAF_Binary_Dataset/train/0_non_negative/train_06535_aligned.jpg,0_non_negative,2.6003728306921268,-2.521965226305955,2.0782041193025673,"Above Upper Whisker: LD1 (2.6004) > Upper Bound (2.0782) by 0.5222 units (Q3 = 0.3531, IQR = 1.1500)"
train_11994_aligned.jpg,/content/drive/MyDrive/Colab Notebooks/RAF_Binary_Dataset/train/0_non_negative/train_11994_aligned.jpg,0_non_negative,2.618119483693061,-2.521965226305955,2.0782041193025673,"Above Upper Whisker: LD1 (2.6181) > Upper Bound (2.0782) by 0.5399 units (Q3 = 0.3531, IQR = 1.1500)"
train_00785_aligned.jpg,/content/drive/MyDrive/Colab Notebooks/RAF_Binary_Dataset/train/0_non_negative/train_00785_aligned.jpg,0_non_negative,2.622448997004546,-2.521965226305955,2.0782041193025673,"Above Upper Whisker: LD1 (2.6224) > Upper Bound (2.0782) by 0.5442 units (Q3 = 0.3531, IQR = 1.1500)"
train_11069_aligned.jpg,/content/drive/MyDrive/Colab Notebooks/RAF_Binary_Dataset/train/0_non_negative/train_11069_aligned.jpg,0_non_negative,2.625071109573792,-2.521965226305955,2.0782041193025673,"Above Upper Whisker: LD1 (2.6251) > Upper Bound (2.0782) by 0.5469 units (Q3 = 0.3531, IQR = 1.1500)"
train_11436_aligned.jpg,/content/drive/MyDrive/Colab Notebooks/RAF_Binary_Dataset/train/0_non_negative/train_11436_aligned.jpg,0_non_negative,2.6277564979492096,-2.521965226305955,2.0782041193025673,"Above Upper Whisker: LD1 (2.6278) > Upper Bound (2.0782) by 0.5496 units (Q3 = 0.3531, IQR = 1.1500)"
train_10923_aligned.jpg,/content/drive/MyDrive/Colab Notebooks/RAF_Binary_Dataset/train/0_non_negative/train_10923_aligned.jpg,0_non_negative,2.6364852979204247,-2.521965226305955,2.0782041193025673,"Above Upper Whisker: LD1 (2.6365) > Upper Bound (2.0782) by 0.5583 units (Q3 = 0.3531, IQR = 1.1500)"
train_02290_aligned.jpg,/content/drive/MyDrive/Colab Notebooks/RAF_Binary_Dataset/train/0_non_negative/train_02290_aligned.jpg,0_non_negative,2.643589357608904,-2.521965226305955,2.0782041193025673,"Above Upper Whisker: LD1 (2.6436) > Upper Bound (2.0782) by 0.5654 units (Q3 = 0.3531, IQR = 1.1500)"
train_02212_aligned.jpg,/content/drive/MyDrive/Colab Notebooks/RAF_Binary_Dataset/train/0_non_negative/train_02212_aligned.jpg,0_non_negative,2.648244551557358,-2.521965226305955,2.0782041193025673,"Above Upper Whisker: LD1 (2.6482) > Upper Bound (2.0782) by 0.5700 units (Q3 = 0.3531, IQR = 1.1500)"
train_00050_aligned.jpg,/content/drive/MyDrive/Colab Notebooks/RAF_Binary_Dataset/train/0_non_negative/train_00050_aligned.jpg,0_non_negative,2.6534476962237084,-2.521965226305955,2.0782041193025673,"Above Upper Whisker: LD1 (2.6534) > Upper Bound (2.0782) by 0.5752 units (Q3 = 0.3531, IQR = 1.1500)"
train_05542_aligned.jpg,/content/drive/MyDrive/Colab Notebooks/RAF_Binary_Dataset/train/0_non_negative/train_05542_aligned.jpg,0_non_negative,2.668088537356331,-2.521965226305955,2.0782041193025673,"Above Upper Whisker: LD1 (2.6681) > Upper Bound (2.0782) by 0.5899 units (Q3 = 0.3531, IQR = 1.1500)"
train_05610_aligned.jpg,/content/drive/MyDrive/Colab Notebooks/RAF_Binary_Dataset/train/0_non_negative/train_05610_aligned.jpg,0_non_negative,2.668315317460539,-2.521965226305955,2.0782041193025673,"Above Upper Whisker: LD1 (2.6683) > Upper Bound (2.0782) by 0.5901 units (Q3 = 0.3531, IQR = 1.1500)"
train_11414_aligned.jpg,/content/drive/MyDrive/Colab Notebooks/RAF_Binary_Dataset/train/0_non_negative/train_11414_aligned.jpg,0_non_negative,2.679938261985632,-2.521965226305955,2.0782041193025673,"Above Upper Whisker: LD1 (2.6799) > Upper Bound (2.0782) by 0.6017 units (Q3 = 0.3531, IQR = 1.1500)"
train_12264_aligned.jpg,/content/drive/MyDrive/Colab Notebooks/RAF_Binary_Dataset/train/0_non_negative/train_12264_aligned.jpg,0_non_negative,2.6927120966370404,-2.521965226305955,2.0782041193025673,"Above Upper Whisker: LD1 (2.6927) > Upper Bound (2.0782) by 0.6145 units (Q3 = 0.3531, IQR = 1.1500)"
train_07944_aligned.jpg,/content/drive/MyDrive/Colab Notebooks/RAF_Binary_Dataset/train/0_non_negative/train_07944_aligned.jpg,0_non_negative,2.6958327156331743,-2.521965226305955,2.0782041193025673,"Above Upper Whisker: LD1 (2.6958) > Upper Bound (2.0782) by 0.6176 units (Q3 = 0.3531, IQR = 1.1500)"
train_01079_aligned.jpg,/content/drive/MyDrive/Colab Notebooks/RAF_Binary_Dataset/train/0_non_negative/train_01079_aligned.jpg,0_non_negative,2.700127825139552,-2.521965226305955,2.0782041193025673,"Above Upper Whisker: LD1 (2.7001) > Upper Bound (2.0782) by 0.6219 units (Q3 = 0.3531, IQR = 1.1500)"
train_10364_aligned.jpg,/content/drive/MyDrive/Colab Notebooks/RAF_Binary_Dataset/train/0_non_negative/train_10364_aligned.jpg,0_non_negative,2.711414395173036,-2.521965226305955,2.0782041193025673,"Above Upper Whisker: LD1 (2.7114) > Upper Bound (2.0782) by 0.6332 units (Q3 = 0.3531, IQR = 1.1500)"
train_07323_aligned.jpg,/content/drive/MyDrive/Colab Notebooks/RAF_Binary_Dataset/train/0_non_negative/train_07323_aligned.jpg,0_non_negative,2.712303992259846,-2.521965226305955,2.0782041193025673,"Above Upper Whisker: LD1 (2.7123) > Upper Bound (2.0782) by 0.6341 units (Q3 = 0.3531, IQR = 1.1500)"
train_04154_aligned.jpg,/content/drive/MyDrive/Colab Notebooks/RAF_Binary_Dataset/train/0_non_negative/train_04154_aligned.jpg,0_non_negative,2.715757075343723,-2.521965226305955,2.0782041193025673,"Above Upper Whisker: LD1 (2.7158) > Upper Bound (2.0782) by 0.6376 units (Q3 = 0.3531, IQR = 1.1500)"
train_11963_aligned.jpg,/content/drive/MyDrive/Colab Notebooks/RAF_Binary_Dataset/train/0_non_negative/train_11963_aligned.jpg,0_non_negative,2.7204453432497844,-2.521965226305955,2.0782041193025673,"Above Upper Whisker: LD1 (2.7204) > Upper Bound (2.0782) by 0.6422 units (Q3 = 0.3531, IQR = 1.1500)"
train_05387_aligned.jpg,/content/drive/MyDrive/Colab Notebooks/RAF_Binary_Dataset/train/0_non_negative/train_05387_aligned.jpg,0_non_negative,2.721950336809432,-2.521965226305955,2.0782041193025673,"Above Upper Whisker: LD1 (2.7220) > Upper Bound (2.0782) by 0.6437 units (Q3 = 0.3531, IQR = 1.1500)"
train_04359_aligned.jpg,/content/drive/MyDrive/Colab Notebooks/RAF_Binary_Dataset/train/0_non_negative/train_04359_aligned.jpg,0_non_negative,2.7260775316996013,-2.521965226305955,2.0782041193025673,"Above Upper Whisker: LD1 (2.7261) > Upper Bound (2.0782) by 0.6479 units (Q3 = 0.3531, IQR = 1.1500)"
train_05517_aligned.jpg,/content/drive/MyDrive/Colab Notebooks/RAF_Binary_Dataset/train/0_non_negative/train_05517_aligned.jpg,0_non_negative,2.733023458847678,-2.521965226305955,2.0782041193025673,"Above Upper Whisker: LD1 (2.7330) > Upper Bound (2.0782) by 0.6548 units (Q3 = 0.3531, IQR = 1.1500)"
train_09036_aligned.jpg,/content/drive/MyDrive/Colab Notebooks/RAF_Binary_Dataset/train/0_non_negative/train_09036_aligned.jpg,0_non_negative,2.7333641864482083,-2.521965226305955,2.0782041193025673,"Above Upper Whisker: LD1 (2.7334) > Upper Bound (2.0782) by 0.6552 units (Q3 = 0.3531, IQR = 1.1500)"
train_10012_aligned.jpg,/content/drive/MyDrive/Colab Notebooks/RAF_Binary_Dataset/train/0_non_negative/train_10012_aligned.jpg,0_non_negative,2.772052343147172,-2.521965226305955,2.0782041193025673,"Above Upper Whisker: LD1 (2.7721) > Upper Bound (2.0782) by 0.6938 units (Q3 = 0.3531, IQR = 1.1500)"
train_11134_aligned.jpg,/content/drive/MyDrive/Colab Notebooks/RAF_Binary_Dataset/train/0_non_negative/train_11134_aligned.jpg,0_non_negative,2.7739890812897454,-2.521965226305955,2.0782041193025673,"Above Upper Whisker: LD1 (2.7740) > Upper Bound (2.0782) by 0.6958 units (Q3 = 0.3531, IQR = 1.1500)"
train_05452_aligned.jpg,/content/drive/MyDrive/Colab Notebooks/RAF_Binary_Dataset/train/0_non_negative/train_05452_aligned.jpg,0_non_negative,2.781741206831327,-2.521965226305955,2.0782041193025673,"Above Upper Whisker: LD1 (2.7817) > Upper Bound (2.0782) by 0.7035 units (Q3 = 0.3531, IQR = 1.1500)"
train_12045_aligned.jpg,/content/drive/MyDrive/Colab Notebooks/RAF_Binary_Dataset/train/0_non_negative/train_12045_aligned.jpg,0_non_negative,2.8187150159935217,-2.521965226305955,2.0782041193025673,"Above Upper Whisker: LD1 (2.8187) > Upper Bound (2.0782) by 0.7405 units (Q3 = 0.3531, IQR = 1.1500)"
train_04578_aligned.jpg,/content/drive/MyDrive/Colab Notebooks/RAF_Binary_Dataset/train/0_non_negative/train_04578_aligned.jpg,0_non_negative,2.8190409429819208,-2.521965226305955,2.0782041193025673,"Above Upper Whisker: LD1 (2.8190) > Upper Bound (2.0782) by 0.7408 units (Q3 = 0.3531, IQR = 1.1500)"
train_07010_aligned.jpg,/content/drive/MyDrive/Colab Notebooks/RAF_Binary_Dataset/train/0_non_negative/train_07010_aligned.jpg,0_non_negative,2.8384214873480333,-2.521965226305955,2.0782041193025673,"Above Upper Whisker: LD1 (2.8384) > Upper Bound (2.0782) by 0.7602 units (Q3 = 0.3531, IQR = 1.1500)"
train_02517_aligned.jpg,/content/drive/MyDrive/Colab Notebooks/RAF_Binary_Dataset/train/0_non_negative/train_02517_aligned.jpg,0_non_negative,2.838922666835905,-2.521965226305955,2.0782041193025673,"Above Upper Whisker: LD1 (2.8389) > Upper Bound (2.0782) by 0.7607 units (Q3 = 0.3531, IQR = 1.1500)"
train_10722_aligned.jpg,/content/drive/MyDrive/Colab Notebooks/RAF_Binary_Dataset/train/0_non_negative/train_10722_aligned.jpg,0_non_negative,2.851977508098148,-2.521965226305955,2.0782041193025673,"Above Upper Whisker: LD1 (2.8520) > Upper Bound (2.0782) by 0.7738 units (Q3 = 0.3531, IQR = 1.1500)"
train_12266_aligned.jpg,/content/drive/MyDrive/Colab Notebooks/RAF_Binary_Dataset/train/0_non_negative/train_12266_aligned.jpg,0_non_negative,2.870018180539281,-2.521965226305955,2.0782041193025673,"Above Upper Whisker: LD1 (2.8700) > Upper Bound (2.0782) by 0.7918 units (Q3 = 0.3531, IQR = 1.1500)"
train_11225_aligned.jpg,/content/drive/MyDrive/Colab Notebooks/RAF_Binary_Dataset/train/0_non_negative/train_11225_aligned.jpg,0_non_negative,2.8836154678588395,-2.521965226305955,2.0782041193025673,"Above Upper Whisker: LD1 (2.8836) > Upper Bound (2.0782) by 0.8054 units (Q3 = 0.3531, IQR = 1.1500)"
train_10540_aligned.jpg,/content/drive/MyDrive/Colab Notebooks/RAF_Binary_Dataset/train/0_non_negative/train_10540_aligned.jpg,0_non_negative,2.9064008129770507,-2.521965226305955,2.0782041193025673,"Above Upper Whisker: LD1 (2.9064) > Upper Bound (2.0782) by 0.8282 units (Q3 = 0.3531, IQR = 1.1500)"
train_01390_aligned.jpg,/content/drive/MyDrive/Colab Notebooks/RAF_Binary_Dataset/train/0_non_negative/train_01390_aligned.jpg,0_non_negative,2.910059792875936,-2.521965226305955,2.0782041193025673,"Above Upper Whisker: LD1 (2.9101) > Upper Bound (2.0782) by 0.8319 units (Q3 = 0.3531, IQR = 1.1500)"
train_11331_aligned.jpg,/content/drive/MyDrive/Colab Notebooks/RAF_Binary_Dataset/train/0_non_negative/train_11331_aligned.jpg,0_non_negative,2.952357622988193,-2.521965226305955,2.0782041193025673,"Above Upper Whisker: LD1 (2.9524) > Upper Bound (2.0782) by 0.8742 units (Q3 = 0.3531, IQR = 1.1500)"
train_05441_aligned.jpg,/content/drive/MyDrive/Colab Notebooks/RAF_Binary_Dataset/train/0_non_negative/train_05441_aligned.jpg,0_non_negative,2.9643604183050907,-2.521965226305955,2.0782041193025673,"Above Upper Whisker: LD1 (2.9644) > Upper Bound (2.0782) by 0.8862 units (Q3 = 0.3531, IQR = 1.1500)"
train_02506_aligned.jpg,/content/drive/MyDrive/Colab Notebooks/RAF_Binary_Dataset/train/0_non_negative/train_02506_aligned.jpg,0_non_negative,2.968955510551631,-2.521965226305955,2.0782041193025673,"Above Upper Whisker: LD1 (2.9690) > Upper Bound (2.0782) by 0.8908 units (Q3 = 0.3531, IQR = 1.1500)"
train_10853_aligned.jpg,/content/drive/MyDrive/Colab Notebooks/RAF_Binary_Dataset/train/0_non_negative/train_10853_aligned.jpg,0_non_negative,3.028910476747204,-2.521965226305955,2.0782041193025673,"Above Upper Whisker: LD1 (3.0289) > Upper Bound (2.0782) by 0.9507 units (Q3 = 0.3531, IQR = 1.1500)"
train_11852_aligned.jpg,/content/drive/MyDrive/Colab Notebooks/RAF_Binary_Dataset/train/0_non_negative/train_11852_aligned.jpg,0_non_negative,3.057465215938091,-2.521965226305955,2.0782041193025673,"Above Upper Whisker: LD1 (3.0575) > Upper Bound (2.0782) by 0.9793 units (Q3 = 0.3531, IQR = 1.1500)"
train_03897_aligned.jpg,/content/drive/MyDrive/Colab Notebooks/RAF_Binary_Dataset/train/0_non_negative/train_03897_aligned.jpg,0_non_negative,3.1014366731241028,-2.521965226305955,2.0782041193025673,"Above Upper Whisker: LD1 (3.1014) > Upper Bound (2.0782) by 1.0232 units (Q3 = 0.3531, IQR = 1.1500)"
train_00181_aligned.jpg,/content/drive/MyDrive/Colab Notebooks/RAF_Binary_Dataset/train/0_non_negative/train_00181_aligned.jpg,0_non_negative,3.1037466696075886,-2.521965226305955,2.0782041193025673,"Above Upper Whisker: LD1 (3.1037) > Upper Bound (2.0782) by 1.0255 units (Q3 = 0.3531, IQR = 1.1500)"
train_02345_aligned.jpg,/content/drive/MyDrive/Colab Notebooks/RAF_Binary_Dataset/train/0_non_negative/train_02345_aligned.jpg,0_non_negative,3.1196275016710766,-2.521965226305955,2.0782041193025673,"Above Upper Whisker: LD1 (3.1196) > Upper Bound (2.0782) by 1.0414 units (Q3 = 0.3531, IQR = 1.1500)"
train_10677_aligned.jpg,/content/drive/MyDrive/Colab Notebooks/RAF_Binary_Dataset/train/0_non_negative/train_10677_aligned.jpg,0_non_negative,3.12455484130244,-2.521965226305955,2.0782041193025673,"Above Upper Whisker: LD1 (3.1246) > Upper Bound (2.0782) by 1.0464 units (Q3 = 0.3531, IQR = 1.1500)"
train_01301_aligned.jpg,/content/drive/MyDrive/Colab Notebooks/RAF_Binary_Dataset/train/0_non_negative/train_01301_aligned.jpg,0_non_negative,3.128869777658191,-2.521965226305955,2.0782041193025673,"Above Upper Whisker: LD1 (3.1289) > Upper Bound (2.0782) by 1.0507 units (Q3 = 0.3531, IQR = 1.1500)"
train_10924_aligned.jpg,/content/drive/MyDrive/Colab Notebooks/RAF_Binary_Dataset/train/0_non_negative/train_10924_aligned.jpg,0_non_negative,3.1503036685199173,-2.521965226305955,2.0782041193025673,"Above Upper Whisker: LD1 (3.1503) > Upper Bound (2.0782) by 1.0721 units (Q3 = 0.3531, IQR = 1.1500)"
train_10355_aligned.jpg,/content/drive/MyDrive/Colab Notebooks/RAF_Binary_Dataset/train/0_non_negative/train_10355_aligned.jpg,0_non_negative,3.1615422684866314,-2.521965226305955,2.0782041193025673,"Above Upper Whisker: LD1 (3.1615) > Upper Bound (2.0782) by 1.0833 units (Q3 = 0.3531, IQR = 1.1500)"
train_06594_aligned.jpg,/content/drive/MyDrive/Colab Notebooks/RAF_Binary_Dataset/train/0_non_negative/train_06594_aligned.jpg,0_non_negative,3.204744560349825,-2.521965226305955,2.0782041193025673,"Above Upper Whisker: LD1 (3.2047) > Upper Bound (2.0782) by 1.1265 units (Q3 = 0.3531, IQR = 1.1500)"
train_11307_aligned.jpg,/content/drive/MyDrive/Colab Notebooks/RAF_Binary_Dataset/train/0_non_negative/train_11307_aligned.jpg,0_non_negative,3.20683287009769,-2.521965226305955,2.0782041193025673,"Above Upper Whisker: LD1 (3.2068) > Upper Bound (2.0782) by 1.1286 units (Q3 = 0.3531, IQR = 1.1500)"
train_09821_aligned.jpg,/content/drive/MyDrive/Colab Notebooks/RAF_Binary_Dataset/train/0_non_negative/train_09821_aligned.jpg,0_non_negative,3.245123493558725,-2.521965226305955,2.0782041193025673,"Above Upper Whisker: LD1 (3.2451) > Upper Bound (2.0782) by 1.1669 units (Q3 = 0.3531, IQR = 1.1500)"
train_11173_aligned.jpg,/content/drive/MyDrive/Colab Notebooks/RAF_Binary_Dataset/train/0_non_negative/train_11173_aligned.jpg,0_non_negative,3.2471117945769565,-2.521965226305955,2.0782041193025673,"Above Upper Whisker: LD1 (3.2471) > Upper Bound (2.0782) by 1.1689 units (Q3 = 0.3531, IQR = 1.1500)"
train_06481_aligned.jpg,/content/drive/MyDrive/Colab Notebooks/RAF_Binary_Dataset/train/0_non_negative/train_06481_aligned.jpg,0_non_negative,3.2582940007666945,-2.521965226305955,2.0782041193025673,"Above Upper Whisker: LD1 (3.2583) > Upper Bound (2.0782) by 1.1801 units (Q3 = 0.3531, IQR = 1.1500)"
train_06912_aligned.jpg,/content/drive/MyDrive/Colab Notebooks/RAF_Binary_Dataset/train/0_non_negative/train_06912_aligned.jpg,0_non_negative,3.262905941790877,-2.521965226305955,2.0782041193025673,"Above Upper Whisker: LD1 (3.2629) > Upper Bound (2.0782) by 1.1847 units (Q3 = 0.3531, IQR = 1.1500)"
train_07791_aligned.jpg,/content/drive/MyDrive/Colab Notebooks/RAF_Binary_Dataset/train/0_non_negative/train_07791_aligned.jpg,0_non_negative,3.288154278456271,-2.521965226305955,2.0782041193025673,"Above Upper Whisker: LD1 (3.2882) > Upper Bound (2.0782) by 1.2100 units (Q3 = 0.3531, IQR = 1.1500)"
train_10654_aligned.jpg,/content/drive/MyDrive/Colab Notebooks/RAF_Binary_Dataset/train/0_non_negative/train_10654_aligned.jpg,0_non_negative,3.296227688073616,-2.521965226305955,2.0782041193025673,"Above Upper Whisker: LD1 (3.2962) > Upper Bound (2.0782) by 1.2180 units (Q3 = 0.3531, IQR = 1.1500)"
train_02712_aligned.jpg,/content/drive/MyDrive/Colab Notebooks/RAF_Binary_Dataset/train/0_non_negative/train_02712_aligned.jpg,0_non_negative,3.3048292826851897,-2.521965226305955,2.0782041193025673,"Above Upper Whisker: LD1 (3.3048) > Upper Bound (2.0782) by 1.2266 units (Q3 = 0.3531, IQR = 1.1500)"
train_10683_aligned.jpg,/content/drive/MyDrive/Colab Notebooks/RAF_Binary_Dataset/train/0_non_negative/train_10683_aligned.jpg,0_non_negative,3.3791382459339845,-2.521965226305955,2.0782041193025673,"Above Upper Whisker: LD1 (3.3791) > Upper Bound (2.0782) by 1.3009 units (Q3 = 0.3531, IQR = 1.1500)"
train_05167_aligned.jpg,/content/drive/MyDrive/Colab Notebooks/RAF_Binary_Dataset/train/0_non_negative/train_05167_aligned.jpg,0_non_negative,3.3854409890335466,-2.521965226305955,2.0782041193025673,"Above Upper Whisker: LD1 (3.3854) > Upper Bound (2.0782) by 1.3072 units (Q3 = 0.3531, IQR = 1.1500)"
train_01038_aligned.jpg,/content/drive/MyDrive/Colab Notebooks/RAF_Binary_Dataset/train/0_non_negative/train_01038_aligned.jpg,0_non_negative,3.3986108285427945,-2.521965226305955,2.0782041193025673,"Above Upper Whisker: LD1 (3.3986) > Upper Bound (2.0782) by 1.3204 units (Q3 = 0.3531, IQR = 1.1500)"
train_03640_aligned.jpg,/content/drive/MyDrive/Colab Notebooks/RAF_Binary_Dataset/train/0_non_negative/train_03640_aligned.jpg,0_non_negative,3.4085350202888445,-2.521965226305955,2.0782041193025673,"Above Upper Whisker: LD1 (3.4085) > Upper Bound (2.0782) by 1.3303 units (Q3 = 0.3531, IQR = 1.1500)"
train_12111_aligned.jpg,/content/drive/MyDrive/Colab Notebooks/RAF_Binary_Dataset/train/0_non_negative/train_12111_aligned.jpg,0_non_negative,3.4468409572872747,-2.521965226305955,2.0782041193025673,"Above Upper Whisker: LD1 (3.4468) > Upper Bound (2.0782) by 1.3686 units (Q3 = 0.3531, IQR = 1.1500)"
train_05432_aligned.jpg,/content/drive/MyDrive/Colab Notebooks/RAF_Binary_Dataset/train/0_non_negative/train_05432_aligned.jpg,0_non_negative,3.4557863221179583,-2.521965226305955,2.0782041193025673,"Above Upper Whisker: LD1 (3.4558) > Upper Bound (2.0782) by 1.3776 units (Q3 = 0.3531, IQR = 1.1500)"
train_02973_aligned.jpg,/content/drive/MyDrive/Colab Notebooks/RAF_Binary_Dataset/train/0_non_negative/train_02973_aligned.jpg,0_non_negative,3.4581851009674445,-2.521965226305955,2.0782041193025673,"Above Upper Whisker: LD1 (3.4582) > Upper Bound (2.0782) by 1.3800 units (Q3 = 0.3531, IQR = 1.1500)"
train_11017_aligned.jpg,/content/drive/MyDrive/Colab Notebooks/RAF_Binary_Dataset/train/0_non_negative/train_11017_aligned.jpg,0_non_negative,3.507627254020333,-2.521965226305955,2.0782041193025673,"Above Upper Whisker: LD1 (3.5076) > Upper Bound (2.0782) by 1.4294 units (Q3 = 0.3531, IQR = 1.1500)"
train_00021_aligned.jpg,/content/drive/MyDrive/Colab Notebooks/RAF_Binary_Dataset/train/0_non_negative/train_00021_aligned.jpg,0_non_negative,3.524582136242898,-2.521965226305955,2.0782041193025673,"Above Upper Whisker: LD1 (3.5246) > Upper Bound (2.0782) by 1.4464 units (Q3 = 0.3531, IQR = 1.1500)"
train_11504_aligned.jpg,/content/drive/MyDrive/Colab Notebooks/RAF_Binary_Dataset/train/0_non_negative/train_11504_aligned.jpg,0_non_negative,3.541325899698462,-2.521965226305955,2.0782041193025673,"Above Upper Whisker: LD1 (3.5413) > Upper Bound (2.0782) by 1.4631 units (Q3 = 0.3531, IQR = 1.1500)"
train_01381_aligned.jpg,/content/drive/MyDrive/Colab Notebooks/RAF_Binary_Dataset/train/0_non_negative/train_01381_aligned.jpg,0_non_negative,3.555039198662823,-2.521965226305955,2.0782041193025673,"Above Upper Whisker: LD1 (3.5550) > Upper Bound (2.0782) by 1.4768 units (Q3 = 0.3531, IQR = 1.1500)"
train_11481_aligned.jpg,/content/drive/MyDrive/Colab Notebooks/RAF_Binary_Dataset/train/0_non_negative/train_11481_aligned.jpg,0_non_negative,3.574365501085334,-2.521965226305955,2.0782041193025673,"Above Upper Whisker: LD1 (3.5744) > Upper Bound (2.0782) by 1.4962 units (Q3 = 0.3531, IQR = 1.1500)"
train_06403_aligned.jpg,/content/drive/MyDrive/Colab Notebooks/RAF_Binary_Dataset/train/0_non_negative/train_06403_aligned.jpg,0_non_negative,3.599756051019698,-2.521965226305955,2.0782041193025673,"Above Upper Whisker: LD1 (3.5998) > Upper Bound (2.0782) by 1.5216 units (Q3 = 0.3531, IQR = 1.1500)"
train_09911_aligned.jpg,/content/drive/MyDrive/Colab Notebooks/RAF_Binary_Dataset/train/0_non_negative/train_09911_aligned.jpg,0_non_negative,3.6333887692501,-2.521965226305955,2.0782041193025673,"Above Upper Whisker: LD1 (3.6334) > Upper Bound (2.0782) by 1.5552 units (Q3 = 0.3531, IQR = 1.1500)"
train_06904_aligned.jpg,/content/drive/MyDrive/Colab Notebooks/RAF_Binary_Dataset/train/0_non_negative/train_06904_aligned.jpg,0_non_negative,3.63398042907786,-2.521965226305955,2.0782041193025673,"Above Upper Whisker: LD1 (3.6340) > Upper Bound (2.0782) by 1.5558 units (Q3 = 0.3531, IQR = 1.1500)"
train_06025_aligned.jpg,/content/drive/MyDrive/Colab Notebooks/RAF_Binary_Dataset/train/0_non_negative/train_06025_aligned.jpg,0_non_negative,3.691153152433645,-2.521965226305955,2.0782041193025673,"Above Upper Whisker: LD1 (3.6912) > Upper Bound (2.0782) by 1.6129 units (Q3 = 0.3531, IQR = 1.1500)"
train_11212_aligned.jpg,/content/drive/MyDrive/Colab Notebooks/RAF_Binary_Dataset/train/0_non_negative/train_11212_aligned.jpg,0_non_negative,3.714136684509189,-2.521965226305955,2.0782041193025673,"Above Upper Whisker: LD1 (3.7141) > Upper Bound (2.0782) by 1.6359 units (Q3 = 0.3531, IQR = 1.1500)"
train_11181_aligned.jpg,/content/drive/MyDrive/Colab Notebooks/RAF_Binary_Dataset/train/0_non_negative/train_11181_aligned.jpg,0_non_negative,3.733602664404001,-2.521965226305955,2.0782041193025673,"Above Upper Whisker: LD1 (3.7336) > Upper Bound (2.0782) by 1.6554 units (Q3 = 0.3531, IQR = 1.1500)"
train_12131_aligned.jpg,/content/drive/MyDrive/Colab Notebooks/RAF_Binary_Dataset/train/0_non_negative/train_12131_aligned.jpg,0_non_negative,3.738274149936476,-2.521965226305955,2.0782041193025673,"Above Upper Whisker: LD1 (3.7383) > Upper Bound (2.0782) by 1.6601 units (Q3 = 0.3531, IQR = 1.1500)"
train_11187_aligned.jpg,/content/drive/MyDrive/Colab Notebooks/RAF_Binary_Dataset/train/0_non_negative/train_11187_aligned.jpg,0_non_negative,3.7515990864554216,-2.521965226305955,2.0782041193025673,"Above Upper Whisker: LD1 (3.7516) > Upper Bound (2.0782) by 1.6734 units (Q3 = 0.3531, IQR = 1.1500)"
train_11113_aligned.jpg,/content/drive/MyDrive/Colab Notebooks/RAF_Binary_Dataset/train/0_non_negative/train_11113_aligned.jpg,0_non_negative,3.999086399405694,-2.521965226305955,2.0782041193025673,"Above Upper Whisker: LD1 (3.9991) > Upper Bound (2.0782) by 1.9209 units (Q3 = 0.3531, IQR = 1.1500)"
train_09024_aligned.jpg,/content/drive/MyDrive/Colab Notebooks/RAF_Binary_Dataset/train/0_non_negative/train_09024_aligned.jpg,0_non_negative,4.038878865323452,-2.521965226305955,2.0782041193025673,"Above Upper Whisker: LD1 (4.0389) > Upper Bound (2.0782) by 1.9607 units (Q3 = 0.3531, IQR = 1.1500)"
train_07718_aligned.jpg,/content/drive/MyDrive/Colab Notebooks/RAF_Binary_Dataset/train/0_non_negative/train_07718_aligned.jpg,0_non_negative,4.048904629476763,-2.521965226305955,2.0782041193025673,"Above Upper Whisker: LD1 (4.0489) > Upper Bound (2.0782) by 1.9707 units (Q3 = 0.3531, IQR = 1.1500)"
train_06297_aligned.jpg,/content/drive/MyDrive/Colab Notebooks/RAF_Binary_Dataset/train/0_non_negative/train_06297_aligned.jpg,0_non_negative,4.092187817005417,-2.521965226305955,2.0782041193025673,"Above Upper Whisker: LD1 (4.0922) > Upper Bound (2.0782) by 2.0140 units (Q3 = 0.3531, IQR = 1.1500)"
train_08852_aligned.jpg,/content/drive/MyDrive/Colab Notebooks/RAF_Binary_Dataset/train/0_non_negative/train_08852_aligned.jpg,0_non_negative,4.200085443825503,-2.521965226305955,2.0782041193025673,"Above Upper Whisker: LD1 (4.2001) > Upper Bound (2.0782) by 2.1219 units (Q3 = 0.3531, IQR = 1.1500)"
train_04698_aligned.jpg,/content/drive/MyDrive/Colab Notebooks/RAF_Binary_Dataset/train/0_non_negative/train_04698_aligned.jpg,0_non_negative,4.370334919248441,-2.521965226305955,2.0782041193025673,"Above Upper Whisker: LD1 (4.3703) > Upper Bound (2.0782) by 2.2921 units (Q3 = 0.3531, IQR = 1.1500)"
train_07943_aligned.jpg,/content/drive/MyDrive/Colab Notebooks/RAF_Binary_Dataset/train/0_non_negative/train_07943_aligned.jpg,0_non_negative,4.380073756824203,-2.521965226305955,2.0782041193025673,"Above Upper Whisker: LD1 (4.3801) > Upper Bound (2.0782) by 2.3019 units (Q3 = 0.3531, IQR = 1.1500)"
train_05857_aligned.jpg,/content/drive/MyDrive/Colab Notebooks/RAF_Binary_Dataset/train/0_non_negative/train_05857_aligned.jpg,0_non_negative,4.403222701772084,-2.521965226305955,2.0782041193025673,"Above Upper Whisker: LD1 (4.4032) > Upper Bound (2.0782) by 2.3250 units (Q3 = 0.3531, IQR = 1.1500)"
train_00864_aligned.jpg,/content/drive/MyDrive/Colab Notebooks/RAF_Binary_Dataset/train/0_non_negative/train_00864_aligned.jpg,0_non_negative,4.407391854263568,-2.521965226305955,2.0782041193025673,"Above Upper Whisker: LD1 (4.4074) > Upper Bound (2.0782) by 2.3292 units (Q3 = 0.3531, IQR = 1.1500)"
train_11962_aligned.jpg,/content/drive/MyDrive/Colab Notebooks/RAF_Binary_Dataset/train/0_non_negative/train_11962_aligned.jpg,0_non_negative,4.412634063044205,-2.521965226305955,2.0782041193025673,"Above Upper Whisker: LD1 (4.4126) > Upper Bound (2.0782) by 2.3344 units (Q3 = 0.3531, IQR = 1.1500)"
train_10583_aligned.jpg,/content/drive/MyDrive/Colab Notebooks/RAF_Binary_Dataset/train/0_non_negative/train_10583_aligned.jpg,0_non_negative,4.507276379355396,-2.521965226305955,2.0782041193025673,"Above Upper Whisker: LD1 (4.5073) > Upper Bound (2.0782) by 2.4291 units (Q3 = 0.3531, IQR = 1.1500)"
train_00311_aligned.jpg,/content/drive/MyDrive/Colab Notebooks/RAF_Binary_Dataset/train/0_non_negative/train_00311_aligned.jpg,0_non_negative,4.865405209830476,-2.521965226305955,2.0782041193025673,"Above Upper Whisker: LD1 (4.8654) > Upper Bound (2.0782) by 2.7872 units (Q3 = 0.3531, IQR = 1.1500)"
train_10821_aligned.jpg,/content/drive/MyDrive/Colab Notebooks/RAF_Binary_Dataset/train/0_non_negative/train_10821_aligned.jpg,0_non_negative,5.138059838023745,-2.521965226305955,2.0782041193025673,"Above Upper Whisker: LD1 (5.1381) > Upper Bound (2.0782) by 3.0599 units (Q3 = 0.3531, IQR = 1.1500)"
train_00116_aligned.jpg,/content/drive/MyDrive/Colab Notebooks/RAF_Binary_Dataset/train/0_non_negative/train_00116_aligned.jpg,0_non_negative,5.73903780210224,-2.521965226305955,2.0782041193025673,"Above Upper Whisker: LD1 (5.7390) > Upper Bound (2.0782) by 3.6608 units (Q3 = 0.3531, IQR = 1.1500)"
train_11765_aligned.jpg,/content/drive/MyDrive/Colab Notebooks/RAF_Binary_Dataset/train/0_non_negative/train_11765_aligned.jpg,0_non_negative,7.16139242371166,-2.521965226305955,2.0782041193025673,"Above Upper Whisker: LD1 (7.1614) > Upper Bound (2.0782) by 5.0832 units (Q3 = 0.3531, IQR = 1.1500)"
train_07066_aligned.jpg,/content/drive/MyDrive/Colab Notebooks/RAF_Binary_Dataset/train/1_negative/train_07066_aligned.jpg,1_negative,3.1795727804316245,-2.5186628257080765,3.1599518045840354,"Above Upper Whisker: LD1 (3.1796) > Upper Bound (3.1600) by 0.0196 units (Q3 = 1.0305, IQR = 1.4197)"
train_05574_aligned.jpg,/content/drive/MyDrive/Colab Notebooks/RAF_Binary_Dataset/train/1_negative/train_05574_aligned.jpg,1_negative,3.186502390072585,-2.5186628257080765,3.1599518045840354,"Above Upper Whisker: LD1 (3.1865) > Upper Bound (3.1600) by 0.0266 units (Q3 = 1.0305, IQR = 1.4197)"
train_06067_aligned.jpg,/content/drive/MyDrive/Colab Notebooks/RAF_Binary_Dataset/train/1_negative/train_06067_aligned.jpg,1_negative,3.18660650854121,-2.5186628257080765,3.1599518045840354,"Above Upper Whisker: LD1 (3.1866) > Upper Bound (3.1600) by 0.0267 units (Q3 = 1.0305, IQR = 1.4197)"
train_01314_aligned.jpg,/content/drive/MyDrive/Colab Notebooks/RAF_Binary_Dataset/train/1_negative/train_01314_aligned.jpg,1_negative,3.2421910005767858,-2.5186628257080765,3.1599518045840354,"Above Upper Whisker: LD1 (3.2422) > Upper Bound (3.1600) by 0.0822 units (Q3 = 1.0305, IQR = 1.4197)"
train_09282_aligned.jpg,/content/drive/MyDrive/Colab Notebooks/RAF_Binary_Dataset/train/1_negative/train_09282_aligned.jpg,1_negative,3.2486780809444964,-2.5186628257080765,3.1599518045840354,"Above Upper Whisker: LD1 (3.2487) > Upper Bound (3.1600) by 0.0887 units (Q3 = 1.0305, IQR = 1.4197)"
train_07277_aligned.jpg,/content/drive/MyDrive/Colab Notebooks/RAF_Binary_Dataset/train/1_negative/train_07277_aligned.jpg,1_negative,3.267891766434,-2.5186628257080765,3.1599518045840354,"Above Upper Whisker: LD1 (3.2679) > Upper Bound (3.1600) by 0.1079 units (Q3 = 1.0305, IQR = 1.4197)"
train_09275_aligned.jpg,/content/drive/MyDrive/Colab Notebooks/RAF_Binary_Dataset/train/1_negative/train_09275_aligned.jpg,1_negative,3.272630142909481,-2.5186628257080765,3.1599518045840354,"Above Upper Whisker: LD1 (3.2726) > Upper Bound (3.1600) by 0.1127 units (Q3 = 1.0305, IQR = 1.4197)"
train_09370_aligned.jpg,/content/drive/MyDrive/Colab Notebooks/RAF_Binary_Dataset/train/1_negative/train_09370_aligned.jpg,1_negative,3.309519817637305,-2.5186628257080765,3.1599518045840354,"Above Upper Whisker: LD1 (3.3095) > Upper Bound (3.1600) by 0.1496 units (Q3 = 1.0305, IQR = 1.4197)"
train_09615_aligned.jpg,/content/drive/MyDrive/Colab Notebooks/RAF_Binary_Dataset/train/1_negative/train_09615_aligned.jpg,1_negative,3.3159653427225875,-2.5186628257080765,3.1599518045840354,"Above Upper Whisker: LD1 (3.3160) > Upper Bound (3.1600) by 0.1560 units (Q3 = 1.0305, IQR = 1.4197)"
train_01678_aligned.jpg,/content/drive/MyDrive/Colab Notebooks/RAF_Binary_Dataset/train/1_negative/train_01678_aligned.jpg,1_negative,3.320245615589375,-2.5186628257080765,3.1599518045840354,"Above Upper Whisker: LD1 (3.3202) > Upper Bound (3.1600) by 0.1603 units (Q3 = 1.0305, IQR = 1.4197)"
train_05903_aligned.jpg,/content/drive/MyDrive/Colab Notebooks/RAF_Binary_Dataset/train/1_negative/train_05903_aligned.jpg,1_negative,3.323937750623734,-2.5186628257080765,3.1599518045840354,"Above Upper Whisker: LD1 (3.3239) > Upper Bound (3.1600) by 0.1640 units (Q3 = 1.0305, IQR = 1.4197)"
train_04290_aligned.jpg,/content/drive/MyDrive/Colab Notebooks/RAF_Binary_Dataset/train/1_negative/train_04290_aligned.jpg,1_negative,3.336840693276253,-2.5186628257080765,3.1599518045840354,"Above Upper Whisker: LD1 (3.3368) > Upper Bound (3.1600) by 0.1769 units (Q3 = 1.0305, IQR = 1.4197)"
train_06550_aligned.jpg,/content/drive/MyDrive/Colab Notebooks/RAF_Binary_Dataset/train/1_negative/train_06550_aligned.jpg,1_negative,3.3571342818096146,-2.5186628257080765,3.1599518045840354,"Above Upper Whisker: LD1 (3.3571) > Upper Bound (3.1600) by 0.1972 units (Q3 = 1.0305, IQR = 1.4197)"
train_00002_aligned.jpg,/content/drive/MyDrive/Colab Notebooks/RAF_Binary_Dataset/train/1_negative/train_00002_aligned.jpg,1_negative,3.358936398982339,-2.5186628257080765,3.1599518045840354,"Above Upper Whisker: LD1 (3.3589) > Upper Bound (3.1600) by 0.1990 units (Q3 = 1.0305, IQR = 1.4197)"
train_09373_aligned.jpg,/content/drive/MyDrive/Colab Notebooks/RAF_Binary_Dataset/train/1_negative/train_09373_aligned.jpg,1_negative,3.3685867877539133,-2.5186628257080765,3.1599518045840354,"Above Upper Whisker: LD1 (3.3686) > Upper Bound (3.1600) by 0.2086 units (Q3 = 1.0305, IQR = 1.4197)"
train_04337_aligned.jpg,/content/drive/MyDrive/Colab Notebooks/RAF_Binary_Dataset/train/1_negative/train_04337_aligned.jpg,1_negative,3.3717118713437246,-2.5186628257080765,3.1599518045840354,"Above Upper Whisker: LD1 (3.3717) > Upper Bound (3.1600) by 0.2118 units (Q3 = 1.0305, IQR = 1.4197)"
train_02397_aligned.jpg,/content/drive/MyDrive/Colab Notebooks/RAF_Binary_Dataset/train/1_negative/train_02397_aligned.jpg,1_negative,3.379479964702259,-2.5186628257080765,3.1599518045840354,"Above Upper Whisker: LD1 (3.3795) > Upper Bound (3.1600) by 0.2195 units (Q3 = 1.0305, IQR = 1.4197)"
train_07021_aligned.jpg,/content/drive/MyDrive/Colab Notebooks/RAF_Binary_Dataset/train/1_negative/train_07021_aligned.jpg,1_negative,3.387424226478024,-2.5186628257080765,3.1599518045840354,"Above Upper Whisker: LD1 (3.3874) > Upper Bound (3.1600) by 0.2275 units (Q3 = 1.0305, IQR = 1.4197)"
train_08054_aligned.jpg,/content/drive/MyDrive/Colab Notebooks/RAF_Binary_Dataset/train/1_negative/train_08054_aligned.jpg,1_negative,3.40370279124478,-2.5186628257080765,3.1599518045840354,"Above Upper Whisker: LD1 (3.4037) > Upper Bound (3.1600) by 0.2438 units (Q3 = 1.0305, IQR = 1.4197)"
train_09283_aligned.jpg,/content/drive/MyDrive/Colab Notebooks/RAF_Binary_Dataset/train/1_negative/train_09283_aligned.jpg,1_negative,3.409696816243249,-2.5186628257080765,3.1599518045840354,"Above Upper Whisker: LD1 (3.4097) > Upper Bound (3.1600) by 0.2497 units (Q3 = 1.0305, IQR = 1.4197)"
train_08810_aligned.jpg,/content/drive/MyDrive/Colab Notebooks/RAF_Binary_Dataset/train/1_negative/train_08810_aligned.jpg,1_negative,3.4478224516181,-2.5186628257080765,3.1599518045840354,"Above Upper Whisker: LD1 (3.4478) > Upper Bound (3.1600) by 0.2879 units (Q3 = 1.0305, IQR = 1.4197)"
train_03762_aligned.jpg,/content/drive/MyDrive/Colab Notebooks/RAF_Binary_Dataset/train/1_negative/train_03762_aligned.jpg,1_negative,3.489760948858594,-2.5186628257080765,3.1599518045840354,"Above Upper Whisker: LD1 (3.4898) > Upper Bound (3.1600) by 0.3298 units (Q3 = 1.0305, IQR = 1.4197)"
train_05509_aligned.jpg,/content/drive/MyDrive/Colab Notebooks/RAF_Binary_Dataset/train/1_negative/train_05509_aligned.jpg,1_negative,3.498100850963172,-2.5186628257080765,3.1599518045840354,"Above Upper Whisker: LD1 (3.4981) > Upper Bound (3.1600) by 0.3381 units (Q3 = 1.0305, IQR = 1.4197)"
train_06908_aligned.jpg,/content/drive/MyDrive/Colab Notebooks/RAF_Binary_Dataset/train/1_negative/train_06908_aligned.jpg,1_negative,3.5656447186660194,-2.5186628257080765,3.1599518045840354,"Above Upper Whisker: LD1 (3.5656) > Upper Bound (3.1600) by 0.4057 units (Q3 = 1.0305, IQR = 1.4197)"
train_05467_aligned.jpg,/content/drive/MyDrive/Colab Notebooks/RAF_Binary_Dataset/train/1_negative/train_05467_aligned.jpg,1_negative,3.5855101008938544,-2.5186628257080765,3.1599518045840354,"Above Upper Whisker: LD1 (3.5855) > Upper Bound (3.1600) by 0.4256 units (Q3 = 1.0305, IQR = 1.4197)"
train_03484_aligned.jpg,/content/drive/MyDrive/Colab Notebooks/RAF_Binary_Dataset/train/1_negative/train_03484_aligned.jpg,1_negative,3.6188559283761306,-2.5186628257080765,3.1599518045840354,"Above Upper Whisker: LD1 (3.6189) > Upper Bound (3.1600) by 0.4589 units (Q3 = 1.0305, IQR = 1.4197)"
train_07809_aligned.jpg,/content/drive/MyDrive/Colab Notebooks/RAF_Binary_Dataset/train/1_negative/train_07809_aligned.jpg,1_negative,3.634507475788047,-2.5186628257080765,3.1599518045840354,"Above Upper Whisker: LD1 (3.6345) > Upper Bound (3.1600) by 0.4746 units (Q3 = 1.0305, IQR = 1.4197)"
train_01054_aligned.jpg,/content/drive/MyDrive/Colab Notebooks/RAF_Binary_Dataset/train/1_negative/train_01054_aligned.jpg,1_negative,3.638508134056285,-2.5186628257080765,3.1599518045840354,"Above Upper Whisker: LD1 (3.6385) > Upper Bound (3.1600) by 0.4786 units (Q3 = 1.0305, IQR = 1.4197)"
train_05102_aligned.jpg,/content/drive/MyDrive/Colab Notebooks/RAF_Binary_Dataset/train/1_negative/train_05102_aligned.jpg,1_negative,3.658227478039853,-2.5186628257080765,3.1599518045840354,"Above Upper Whisker: LD1 (3.6582) > Upper Bound (3.1600) by 0.4983 units (Q3 = 1.0305, IQR = 1.4197)"
train_04844_aligned.jpg,/content/drive/MyDrive/Colab Notebooks/RAF_Binary_Dataset/train/1_negative/train_04844_aligned.jpg,1_negative,3.713186128202687,-2.5186628257080765,3.1599518045840354,"Above Upper Whisker: LD1 (3.7132) > Upper Bound (3.1600) by 0.5532 units (Q3 = 1.0305, IQR = 1.4197)"
train_09229_aligned.jpg,/content/drive/MyDrive/Colab Notebooks/RAF_Binary_Dataset/train/1_negative/train_09229_aligned.jpg,1_negative,3.7158722170403258,-2.5186628257080765,3.1599518045840354,"Above Upper Whisker: LD1 (3.7159) > Upper Bound (3.1600) by 0.5559 units (Q3 = 1.0305, IQR = 1.4197)"
train_01293_aligned.jpg,/content/drive/MyDrive/Colab Notebooks/RAF_Binary_Dataset/train/1_negative/train_01293_aligned.jpg,1_negative,3.7235344643702666,-2.5186628257080765,3.1599518045840354,"Above Upper Whisker: LD1 (3.7235) > Upper Bound (3.1600) by 0.5636 units (Q3 = 1.0305, IQR = 1.4197)"
train_05784_aligned.jpg,/content/drive/MyDrive/Colab Notebooks/RAF_Binary_Dataset/train/1_negative/train_05784_aligned.jpg,1_negative,3.732169002050694,-2.5186628257080765,3.1599518045840354,"Above Upper Whisker: LD1 (3.7322) > Upper Bound (3.1600) by 0.5722 units (Q3 = 1.0305, IQR = 1.4197)"
train_04448_aligned.jpg,/content/drive/MyDrive/Colab Notebooks/RAF_Binary_Dataset/train/1_negative/train_04448_aligned.jpg,1_negative,3.742390866226074,-2.5186628257080765,3.1599518045840354,"Above Upper Whisker: LD1 (3.7424) > Upper Bound (3.1600) by 0.5824 units (Q3 = 1.0305, IQR = 1.4197)"
train_05247_aligned.jpg,/content/drive/MyDrive/Colab Notebooks/RAF_Binary_Dataset/train/1_negative/train_05247_aligned.jpg,1_negative,3.805790150083016,-2.5186628257080765,3.1599518045840354,"Above Upper Whisker: LD1 (3.8058) > Upper Bound (3.1600) by 0.6458 units (Q3 = 1.0305, IQR = 1.4197)"
train_07571_aligned.jpg,/content/drive/MyDrive/Colab Notebooks/RAF_Binary_Dataset/train/1_negative/train_07571_aligned.jpg,1_negative,3.8488150566300376,-2.5186628257080765,3.1599518045840354,"Above Upper Whisker: LD1 (3.8488) > Upper Bound (3.1600) by 0.6889 units (Q3 = 1.0305, IQR = 1.4197)"
train_07196_aligned.jpg,/content/drive/MyDrive/Colab Notebooks/RAF_Binary_Dataset/train/1_negative/train_07196_aligned.jpg,1_negative,3.849085254380861,-2.5186628257080765,3.1599518045840354,"Above Upper Whisker: LD1 (3.8491) > Upper Bound (3.1600) by 0.6891 units (Q3 = 1.0305, IQR = 1.4197)"
train_01346_aligned.jpg,/content/drive/MyDrive/Colab Notebooks/RAF_Binary_Dataset/train/1_negative/train_01346_aligned.jpg,1_negative,3.907951750444752,-2.5186628257080765,3.1599518045840354,"Above Upper Whisker: LD1 (3.9080) > Upper Bound (3.1600) by 0.7480 units (Q3 = 1.0305, IQR = 1.4197)"
train_02486_aligned.jpg,/content/drive/MyDrive/Colab Notebooks/RAF_Binary_Dataset/train/1_negative/train_02486_aligned.jpg,1_negative,3.909877230825548,-2.5186628257080765,3.1599518045840354,"Above Upper Whisker: LD1 (3.9099) > Upper Bound (3.1600) by 0.7499 units (Q3 = 1.0305, IQR = 1.4197)"
train_00559_aligned.jpg,/content/drive/MyDrive/Colab Notebooks/RAF_Binary_Dataset/train/1_negative/train_00559_aligned.jpg,1_negative,3.928062673899364,-2.5186628257080765,3.1599518045840354,"Above Upper Whisker: LD1 (3.9281) > Upper Bound (3.1600) by 0.7681 units (Q3 = 1.0305, IQR = 1.4197)"
train_09384_aligned.jpg,/content/drive/MyDrive/Colab Notebooks/RAF_Binary_Dataset/train/1_negative/train_09384_aligned.jpg,1_negative,3.931383721939131,-2.5186628257080765,3.1599518045840354,"Above Upper Whisker: LD1 (3.9314) > Upper Bound (3.1600) by 0.7714 units (Q3 = 1.0305, IQR = 1.4197)"
train_00422_aligned.jpg,/content/drive/MyDrive/Colab Notebooks/RAF_Binary_Dataset/train/1_negative/train_00422_aligned.jpg,1_negative,3.945208123589525,-2.5186628257080765,3.1599518045840354,"Above Upper Whisker: LD1 (3.9452) > Upper Bound (3.1600) by 0.7853 units (Q3 = 1.0305, IQR = 1.4197)"
train_06291_aligned.jpg,/content/drive/MyDrive/Colab Notebooks/RAF_Binary_Dataset/train/1_negative/train_06291_aligned.jpg,1_negative,4.015185810266928,-2.5186628257080765,3.1599518045840354,"Above Upper Whisker: LD1 (4.0152) > Upper Bound (3.1600) by 0.8552 units (Q3 = 1.0305, IQR = 1.4197)"
train_08193_aligned.jpg,/content/drive/MyDrive/Colab Notebooks/RAF_Binary_Dataset/train/1_negative/train_08193_aligned.jpg,1_negative,4.038563597636799,-2.5186628257080765,3.1599518045840354,"Above Upper Whisker: LD1 (4.0386) > Upper Bound (3.1600) by 0.8786 units (Q3 = 1.0305, IQR = 1.4197)"
train_00421_aligned.jpg,/content/drive/MyDrive/Colab Notebooks/RAF_Binary_Dataset/train/1_negative/train_00421_aligned.jpg,1_negative,4.09259952318555,-2.5186628257080765,3.1599518045840354,"Above Upper Whisker: LD1 (4.0926) > Upper Bound (3.1600) by 0.9326 units (Q3 = 1.0305, IQR = 1.4197)"
train_00362_aligned.jpg,/content/drive/MyDrive/Colab Notebooks/RAF_Binary_Dataset/train/1_negative/train_00362_aligned.jpg,1_negative,4.144937147604275,-2.5186628257080765,3.1599518045840354,"Above Upper Whisker: LD1 (4.1449) > Upper Bound (3.1600) by 0.9850 units (Q3 = 1.0305, IQR = 1.4197)"
train_03215_aligned.jpg,/content/drive/MyDrive/Colab Notebooks/RAF_Binary_Dataset/train/1_negative/train_03215_aligned.jpg,1_negative,4.198959027478243,-2.5186628257080765,3.1599518045840354,"Above Upper Whisker: LD1 (4.1990) > Upper Bound (3.1600) by 1.0390 units (Q3 = 1.0305, IQR = 1.4197)"
train_09382_aligned.jpg,/content/drive/MyDrive/Colab Notebooks/RAF_Binary_Dataset/train/1_negative/train_09382_aligned.jpg,1_negative,4.308709814332255,-2.5186628257080765,3.1599518045840354,"Above Upper Whisker: LD1 (4.3087) > Upper Bound (3.1600) by 1.1488 units (Q3 = 1.0305, IQR = 1.4197)"
train_07404_aligned.jpg,/content/drive/MyDrive/Colab Notebooks/RAF_Binary_Dataset/train/1_negative/train_07404_aligned.jpg,1_negative,4.336065889739108,-2.5186628257080765,3.1599518045840354,"Above Upper Whisker: LD1 (4.3361) > Upper Bound (3.1600) by 1.1761 units (Q3 = 1.0305, IQR = 1.4197)"
train_08105_aligned.jpg,/content/drive/MyDrive/Colab Notebooks/RAF_Binary_Dataset/train/1_negative/train_08105_aligned.jpg,1_negative,4.390635930354393,-2.5186628257080765,3.1599518045840354,"Above Upper Whisker: LD1 (4.3906) > Upper Bound (3.1600) by 1.2307 units (Q3 = 1.0305, IQR = 1.4197)"
train_02621_aligned.jpg,/content/drive/MyDrive/Colab Notebooks/RAF_Binary_Dataset/train/1_negative/train_02621_aligned.jpg,1_negative,4.480205064915594,-2.5186628257080765,3.1599518045840354,"Above Upper Whisker: LD1 (4.4802) > Upper Bound (3.1600) by 1.3203 units (Q3 = 1.0305, IQR = 1.4197)"
train_06520_aligned.jpg,/content/drive/MyDrive/Colab Notebooks/RAF_Binary_Dataset/train/1_negative/train_06520_aligned.jpg,1_negative,4.513878948462624,-2.5186628257080765,3.1599518045840354,"Above Upper Whisker: LD1 (4.5139) > Upper Bound (3.1600) by 1.3539 units (Q3 = 1.0305, IQR = 1.4197)"
train_00629_aligned.jpg,/content/drive/MyDrive/Colab Notebooks/RAF_Binary_Dataset/train/1_negative/train_00629_aligned.jpg,1_negative,4.529923107156616,-2.5186628257080765,3.1599518045840354,"Above Upper Whisker: LD1 (4.5299) > Upper Bound (3.1600) by 1.3700 units (Q3 = 1.0305, IQR = 1.4197)"
train_07286_aligned.jpg,/content/drive/MyDrive/Colab Notebooks/RAF_Binary_Dataset/train/1_negative/train_07286_aligned.jpg,1_negative,4.8106267903811295,-2.5186628257080765,3.1599518045840354,"Above Upper Whisker: LD1 (4.8106) > Upper Bound (3.1600) by 1.6507 units (Q3 = 1.0305, IQR = 1.4197)"
train_02803_aligned.jpg,/content/drive/MyDrive/Colab Notebooks/RAF_Binary_Dataset/train/1_negative/train_02803_aligned.jpg,1_negative,4.830370307054513,-2.5186628257080765,3.1599518045840354,"Above Upper Whisker: LD1 (4.8304) > Upper Bound (3.1600) by 1.6704 units (Q3 = 1.0305, IQR = 1.4197)"
train_07744_aligned.jpg,/content/drive/MyDrive/Colab Notebooks/RAF_Binary_Dataset/train/1_negative/train_07744_aligned.jpg,1_negative,4.844835236285845,-2.5186628257080765,3.1599518045840354,"Above Upper Whisker: LD1 (4.8448) > Upper Bound (3.1600) by 1.6849 units (Q3 = 1.0305, IQR = 1.4197)"
train_09253_aligned.jpg,/content/drive/MyDrive/Colab Notebooks/RAF_Binary_Dataset/train/1_negative/train_09253_aligned.jpg,1_negative,4.987355629608777,-2.5186628257080765,3.1599518045840354,"Above Upper Whisker: LD1 (4.9874) > Upper Bound (3.1600) by 1.8274 units (Q3 = 1.0305, IQR = 1.4197)"
train_07844_aligned.jpg,/content/drive/MyDrive/Colab Notebooks/RAF_Binary_Dataset/train/1_negative/train_07844_aligned.jpg,1_negative,4.999895133833848,-2.5186628257080765,3.1599518045840354,"Above Upper Whisker: LD1 (4.9999) > Upper Bound (3.1600) by 1.8399 units (Q3 = 1.0305, IQR = 1.4197)"
train_07285_aligned.jpg,/content/drive/MyDrive/Colab Notebooks/RAF_Binary_Dataset/train/1_negative/train_07285_aligned.jpg,1_negative,5.050804986069175,-2.5186628257080765,3.1599518045840354,"Above Upper Whisker: LD1 (5.0508) > Upper Bound (3.1600) by 1.8909 units (Q3 = 1.0305, IQR = 1.4197)"
train_06386_aligned.jpg,/content/drive/MyDrive/Colab Notebooks/RAF_Binary_Dataset/train/1_negative/train_06386_aligned.jpg,1_negative,5.101764285276506,-2.5186628257080765,3.1599518045840354,"Above Upper Whisker: LD1 (5.1018) > Upper Bound (3.1600) by 1.9418 units (Q3 = 1.0305, IQR = 1.4197)"
train_05298_aligned.jpg,/content/drive/MyDrive/Colab Notebooks/RAF_Binary_Dataset/train/1_negative/train_05298_aligned.jpg,1_negative,5.141520410414734,-2.5186628257080765,3.1599518045840354,"Above Upper Whisker: LD1 (5.1415) > Upper Bound (3.1600) by 1.9816 units (Q3 = 1.0305, IQR = 1.4197)"
train_09217_aligned.jpg,/content/drive/MyDrive/Colab Notebooks/RAF_Binary_Dataset/train/1_negative/train_09217_aligned.jpg,1_negative,5.415177873328908,-2.5186628257080765,3.1599518045840354,"Above Upper Whisker: LD1 (5.4152) > Upper Bound (3.1600) by 2.2552 units (Q3 = 1.0305, IQR = 1.4197)"
train_09381_aligned.jpg,/content/drive/MyDrive/Colab Notebooks/RAF_Binary_Dataset/train/1_negative/train_09381_aligned.jpg,1_negative,5.567389128149004,-2.5186628257080765,3.1599518045840354,"Above Upper Whisker: LD1 (5.5674) > Upper Bound (3.1600) by 2.4074 units (Q3 = 1.0305, IQR = 1.4197)"
train_07574_aligned.jpg,/content/drive/MyDrive/Colab Notebooks/RAF_Binary_Dataset/train/1_negative/train_07574_aligned.jpg,1_negative,8.896507655939406,-2.5186628257080765,3.1599518045840354,"Above Upper Whisker: LD1 (8.8965) > Upper Bound (3.1600) by 5.7366 units (Q3 = 1.0305, IQR = 1.4197)"
